,video_id,video_title_high_engagement,video_title_medium_engagement,video_tile_low_engagement,video_audio_high_engagement,video_audio_medium_engagement,video_audio_low_engagement,video_thumbnail_high_engagement,video_thumbnail_medium_engagement,video_thumbnail_low_engagement,video_frame_high_engagement,video_frame_medium_engagement,video_frame_low_engagement,video_transcript_high_engagement,video_transcript_medium_engagement,video_transcript_low_engagement,label
4,GkfsmP2St7Y,0.9857187522806945,0.004012112729634508,0.010269134989671021,0.088450694547589,0.5578674840447753,0.3536818214076357,0.06390132211601607,0.6434440696620015,0.29265460822198236,0.010731245994260355,0.8858086140970569,0.10346013990868275,0.04358670317227631,0.8464840841128417,0.10992921271488204,High engagement
15,KeJDegFQjkw,0.07071105952401709,0.012133152650130853,0.917155787825852,0.1058724639934192,0.5393532551501944,0.35477428085638635,0.3401759400874971,0.4717106589316299,0.18811340098087298,0.05617509110466612,0.11904840501751789,0.824776503877816,0.03734716841802188,0.8177243957192218,0.14492843586275617,Low engagement
17,2QkdLx5j9hg,0.10089216844489789,0.14046621659815892,0.7586416149569432,0.07052215211972884,0.39168566666536647,0.5377921812149047,0.016370804861001516,0.9486970503860414,0.03493214475295729,0.036849485443521984,0.004693103782813962,0.958457410773664,0.1225424386493712,0.30289389400828254,0.5745636673423463,High engagement
22,Z0DC7R2iAgs,0.299655337592099,0.13447882279182707,0.5658658396160738,0.06254662844424488,0.5369173473711234,0.4005360241846318,0.008099841250318297,0.9770347857032406,0.014865373046441107,0.03303086616652553,0.5340676853804621,0.43290144845301226,0.0817567821877126,0.09140827227235791,0.8268349455399295,Low engagement
25,qpQR7MDmpus,0.4867349223425986,0.024394081332062518,0.48887099632533876,0.0073242001583343095,0.045139788590590715,0.947536011251075,0.025508516564498384,0.9100507580936276,0.06444072534187399,0.005756535295783957,0.8289177051676315,0.16532575953658452,0.1175352169315568,0.23433370762217057,0.6481310754462726,High engagement
26,Km_9owhXWJY,0.007731278715775746,0.03979283872270289,0.9524758825615214,0.013923742242183686,0.6243185360111742,0.36175772174664217,0.280688597222684,0.5662857549384595,0.15302564783885653,0.09149011735677746,0.10529337255271597,0.8032165100905065,0.03943280907689278,0.697742424024862,0.2628247668982453,Low engagement
27,6_BGER7qYFM,0.23610747080531425,0.07407162614856415,0.6898209030461215,0.04970330577171101,0.21196944738332063,0.7383272468449684,0.033832296485041546,0.9331366284495277,0.033031075065430626,0.004733199175133642,0.9831204322804654,0.012146368544401012,0.08103010183342226,0.5900939498077472,0.3288759483588305,Low engagement
28,Czo3FtdM6_8,0.6525264397132481,0.018422989174939456,0.3290505711118124,0.008999991668165504,0.8549757755096273,0.1360242328222071,0.00508939120679126,0.9519955203953986,0.04291508839781009,0.2268118831980901,0.42198043919749434,0.3512076776044156,0.049019994059511435,0.8709347477219574,0.08004525821853098,High engagement
30,9arIJf9UuUg,0.27416832881906683,0.014169661983233385,0.7116620091976997,0.5702597458741586,0.1099948696875144,0.319745384438327,0.07199453278648459,0.8675663875628279,0.06043907965068754,0.000723490371123502,0.994731884670514,0.004544624958362475,0.09694450960965205,0.3459672323906141,0.5570882579997338,High engagement
31,UBePAfWikbs,0.05151839474822134,0.8495995769303744,0.09888202832140418,0.004329023996707946,0.03562666445411905,0.9600443115491729,0.010031264337041122,0.9691057918517479,0.020862943811210986,0.09357159298855514,0.44918962559754394,0.45723878141390106,0.04905141509477445,0.8986950558025608,0.052253529102664766,Medium engagement
35,mPsTC79FXa0,0.04611294318239365,0.02383272549602243,0.9300543313215839,0.5894621362283854,0.05780780624383889,0.35273005752777575,0.04269397990128255,0.906920149653558,0.050385870445159346,0.08244824956605903,0.7460522692866682,0.1714994811472728,0.3715280358438249,0.21363866578627094,0.41483329836990424,Low engagement
36,1geyVOOoe6M,0.021205779202816608,0.8956394753704929,0.08315474542669046,0.01311694826858897,0.10943115152854643,0.8774519002028646,0.042865913452027525,0.9100338206595404,0.04710026588843202,0.015029019009146159,0.9316461372582417,0.05332484373261213,0.017261068324924897,0.9727272724604512,0.010011659214623906,High engagement
39,qPbJ33f-biI,0.0401234955228385,0.03565429592472158,0.92422220855244,0.03209976478868692,0.6947165461139839,0.2731836890973292,0.054033966309470036,0.8568879413250393,0.08907809236549064,0.08514588045608008,0.42225017201150256,0.4926039475324173,0.023754720291302423,0.935269292447035,0.04097598726166239,High engagement
41,a7p51yDbnZM,0.09800820926347104,0.015466510094958679,0.8865252806415702,0.07775635660151474,0.7492656187879878,0.17297802461049752,0.02529260701588058,0.893485405259967,0.08122198772415236,0.12381779782373369,0.3353342430578998,0.5408479591183665,0.08866189454081562,0.8714840360580173,0.039854069401167036,Low engagement
42,Ng6K3N4yXus,0.08381667518088982,0.04197474302805405,0.8742085817910562,0.023891879649162968,0.10911840379459992,0.8669897165562371,0.019221391299051083,0.907255824441882,0.07352278425906693,0.07602005497707809,0.740337397731403,0.18364254729151896,0.012338259615887644,0.9397893880896769,0.04787235229443531,Low engagement
43,IK6q6dWaHeU,0.5369068378165275,0.025224567795228036,0.43786859438824455,0.14298351899601855,0.3559564730807285,0.501060007923253,0.10347821636984697,0.7532180856992896,0.1433036979308634,0.24048704127580195,0.10352077743569542,0.6559921812885026,0.09093963439931882,0.8265884517158245,0.08247191388485674,High engagement
44,isd_GuuNQZE,0.3384945291042375,0.11307532167850852,0.5484301492172541,0.08932005558580224,0.20637106151551377,0.704308882898684,0.14757802628808467,0.5508843958064112,0.301537577905504,0.09769424676983053,0.34377499157310576,0.5585307616570637,0.04343993514556634,0.6956352523788472,0.26092481247558647,High engagement
45,MkTF4ozw6EE,0.032153174515909,0.8618064349011701,0.10604039058292097,0.04939422718631096,0.021703171179403746,0.9289026016342852,0.12489035667603421,0.6947994890174046,0.18031015430656114,0.027408159028809657,0.6788868713881518,0.29370496958303843,0.042008918372435464,0.9158129729620132,0.042178108665551294,Medium engagement
49,JHLuKr1xPSQ,0.1944570581452533,0.011434320770225511,0.7941086210845212,0.01538938883990503,0.8680868061837291,0.11652380497636594,0.07058932975811184,0.7757438846251036,0.1536667856167845,0.10070713021068393,0.31381941928701074,0.5854734505023054,0.3057082787310603,0.2361371852268859,0.4581545360420538,Low engagement
51,RBxZDeXdE2A,0.004859767653745392,0.9555850522313668,0.03955518011488783,0.19307847165385703,0.04446765508669341,0.7624538732594495,0.0029237861343740686,0.9897556663166704,0.00732054754895559,0.11167651625372028,0.26432274436732905,0.6240007393789507,0.057289653373236056,0.8380164624525683,0.10469388417419545,Medium engagement
53,tXRL9knnwhc,0.0469761338724685,0.880838482860236,0.07218538326729541,0.013398974432075458,0.10707647234944237,0.8795245532184822,0.011699555594946088,0.9451800010567996,0.04312044334825437,0.0032319380502703735,0.4526097955350973,0.5441582664146324,0.21950695848291793,0.6435595146333318,0.1369335268837503,High engagement
56,KYk71V-U0KI,0.25418939027112036,0.014862923144956307,0.7309476865839234,0.010604897705707987,0.8713408077373527,0.11805429455693932,0.10389789694803148,0.8174911161864253,0.07861098686554333,0.2191540800425493,0.24673769724580305,0.5341082227116477,0.01874652834725785,0.8327812323209604,0.14847223933178166,High engagement
58,TH4cAnebZwc,0.010907721637697591,0.9660998461413512,0.022992432220951077,0.037895504338441015,0.4281440779957849,0.5339604176657741,0.018514922846195086,0.9394704264697549,0.0420146506840499,0.0047608730584810825,0.6647275487261998,0.3305115782153193,0.10068151583355997,0.6508408277111122,0.24847765645532785,Medium engagement
61,PJnJfbUuklY,0.1614359011684073,0.015950064539882947,0.8226140342917098,0.08660358282413289,0.5941890568240535,0.31920736035181346,0.08861848228828219,0.6209047177645373,0.29047679994718056,0.25252222023770377,0.3929110951342719,0.3545666846280242,0.03570344760530674,0.906043117348034,0.058253435046659134,High engagement
67,PJQDRMy1e40,0.0850768605570643,0.0348058008616925,0.8801173385812432,0.01103320085076074,0.8686226654496692,0.12034413369957013,0.06944324015827413,0.7645863672043629,0.16597039263736296,0.03189867661866209,0.476920834962781,0.4911804884185569,0.016908149795417417,0.9412856051909152,0.04180624501366763,Low engagement
70,4e3f1IVcbbE,0.26704238615187353,0.04267161154951246,0.690286002298614,0.3109171652914591,0.2638083631322149,0.42527447157632603,0.15898102121421284,0.18416200276740952,0.6568569760183777,0.027568256600326947,0.012139241201602053,0.960292502198071,0.2149780089768429,0.28923161694609884,0.49579037407705834,High engagement
71,1dmZv1dnLuM,0.0861799313734615,0.5019334591398581,0.4118866094866804,0.007415569719058366,0.7846259882717133,0.2079584420092284,0.24300405372272843,0.5710040822946004,0.1859918639826712,0.05905862388813403,0.36016452088868844,0.5807768552231775,0.10341082645357347,0.41378730336128317,0.48280187018514337,Medium engagement
73,cFzuGtpVNCM,0.3284577815847267,0.05856159546351611,0.6129806229517573,0.5184747207059881,0.07218964748141984,0.4093356318125921,0.24324801827701417,0.6040388856496152,0.1527130960733706,0.0023119524314388963,0.8158079158056263,0.1818801317629348,0.187786997263061,0.254298886498642,0.557914116238297,Low engagement
74,opGvnVYoeW4,0.0023467412183781496,0.99322899626165,0.004424262519971885,0.05213224560689017,0.09970621412203555,0.8481615402710744,0.0027375201272933814,0.976005095919102,0.021257383953604513,0.06449840604729835,0.12077524189688824,0.8147263520558135,0.04880727868457046,0.7890522722558585,0.16214044905957098,Medium engagement
76,JHoPnXUeTV0,0.01784034161724072,0.5572259962574065,0.42493366212535283,0.12586747174261248,0.31209266365854305,0.5620398645988445,0.19362261479869658,0.6812353357830215,0.125142049418282,0.04771814276432397,0.6802513120466109,0.27203054518906516,0.05555493497838177,0.7588252209968851,0.18561984402473328,Medium engagement
78,wnMSJbTD_XY,0.0037841341775482545,0.8864958066184396,0.10972005920401211,0.10365714404187842,0.6385740914441965,0.25776876451392505,0.16589920071966013,0.6163856998255642,0.21771509945477568,0.02492147984842581,0.04680665251382097,0.9282718676377533,0.025453551090164037,0.8727486698957686,0.10179777901406724,High engagement
83,fOJLMwlKE5w,0.029859413951957157,0.813055280407405,0.1570853056406379,0.1895178917686525,0.17980478374263226,0.6306773244887153,0.12192884607454363,0.4855862235086085,0.39248493041684784,0.3414405063171125,0.1802668062952549,0.47829268738763264,0.08551377279431613,0.7001470958060018,0.2143391313996822,High engagement
86,qS1Cpy9u3V4,0.0013174007748554374,0.9955911310169926,0.0030914682081520347,0.3032324787776157,0.0535938024617949,0.6431737187605894,0.12658972756675846,0.6062182149106236,0.2671920575226179,0.13125572402851476,0.4278783699044731,0.4408659060670122,0.17584871112868627,0.4680645042531243,0.3560867846181895,High engagement
87,F9ia4VdjuK4,0.10587630263566819,0.22129340013577367,0.6728302972285581,0.3320084939341885,0.08868227890145267,0.5793092271643588,0.17087470612455172,0.6446157306445621,0.18450956323088624,0.005173539596786904,0.839732144992488,0.15509431541072513,0.10388502812673459,0.6866292231482221,0.20948574872504333,Low engagement
88,s404GtiypQE,0.060024399304506884,0.5645678673995727,0.3754077332959204,0.009026515155650115,0.009369496038296168,0.9816039888060537,0.231851335594633,0.44587088441104533,0.3222777799943217,0.0167706782802188,0.7733722898524233,0.20985703186735785,0.03437497956595374,0.9478486837915613,0.017776336642485093,High engagement
95,xj0A6mGqwVw,0.06318553850230203,0.5992400542818387,0.3375744072158593,0.03950763051584486,0.0635248057142218,0.8969675637699334,0.17149654696378164,0.10300485935865396,0.7254985936775645,0.06408306862151697,0.6009021757902526,0.33501475558823035,0.03329066132056113,0.9372321233059637,0.02947721537347516,Medium engagement
97,Kxwi7a3znIY,0.001085808069729703,0.9935361372834801,0.0053780546467902006,0.01360432323954765,0.021783309208395486,0.9646123675520568,0.43391528243152877,0.21593436039077119,0.3501503571777,0.19047015868086678,0.06128118811437833,0.7482486532047549,0.036097935185007625,0.8802454812064935,0.08365658360849881,Medium engagement
99,V4lOEocDn-s,0.02972076485494101,0.7645229994075607,0.2057562357374982,0.38681363184454604,0.12181721507077464,0.4913691530846795,0.022298799066394603,0.9565777671303454,0.021123433803259976,0.1606351262672564,0.200705278689319,0.6386595950434246,0.020457936447529836,0.9094660092938329,0.07007605425863718,Medium engagement
102,5MCw50rC_Ro,0.1928214384115255,0.06489788144813398,0.7422806801403405,0.10424401025722375,0.42082403128969514,0.47493195845308106,0.03682324716420306,0.9154992605819285,0.04767749225386835,0.06096948934050411,0.14437961809673547,0.7946508925627604,0.050066296503856716,0.8269052460711912,0.12302845742495214,Low engagement
104,DnWsQTRXakk,0.005522561422574883,0.9846458203274653,0.009831618249959748,0.08939204358029199,0.1540741928585553,0.7565337635611528,0.03778533028791156,0.9278172967945985,0.03439737291748987,0.6480985743379463,0.08770338641628597,0.2641980392457677,0.03647694342524641,0.909172498622185,0.05435055795256852,High engagement
105,Ig8kDsBq-VI,0.0025864335142581477,0.028707457936391734,0.96870610854935,0.12689987479703327,0.44923107338574175,0.42386905181722495,0.2810954027042518,0.3596226647634253,0.35928193253232293,0.03840521301890524,0.028397547253541988,0.9331972397275528,0.027732509683347846,0.8588470424296889,0.11342044788696319,Low engagement
106,TPoZqRp5RSE,0.04355484847238459,0.4016258868969875,0.5548192646306278,0.04934095657905054,0.7141089218933403,0.23655012152760926,0.010698402174118096,0.9770312862699946,0.012270311555887387,0.026996664898900808,0.25230208309816365,0.7207012520029356,0.024064851324962843,0.8865819854468816,0.08935316322815558,Low engagement
108,AFZyHjm3IFk,0.020749992696721987,0.9212838860302193,0.05796612127305874,0.12132205459724184,0.13225382092774907,0.746424124475009,0.01767112790514153,0.9683213348407135,0.014007537254145035,0.02434040503761718,0.06716880558298145,0.9084907893794014,0.31280700181491344,0.14122476077304577,0.5459682374120407,Medium engagement
109,BbQ7812KciY,0.005430069228771032,0.014882580521817257,0.9796873502494117,0.027102309961232498,0.5283447669815743,0.4445529230571931,0.3602475373976961,0.4847819229559033,0.15497053964640048,0.06322797065509889,0.770940117134217,0.1658319122106842,0.023923790263190935,0.8622902106460621,0.11378599909074706,High engagement
110,MbCMd0zDnD0,0.04333685964038219,0.16114819013861614,0.7955149502210016,0.07364285550053438,0.3564420552767658,0.5699150892226998,0.049427846502934504,0.8474385307854336,0.10313362271163182,0.008026717579992184,0.4032505990452953,0.5887226833747125,0.01883927167622643,0.9635918519716442,0.017568876352129316,High engagement
112,0ZGJKfYhUQU,0.01380392473042345,0.3390538097920366,0.6471422654775401,0.006074257692009718,0.7424908910562672,0.25143485125172305,0.004011031952780214,0.98583847479758,0.010150493249639701,0.079734933066638,0.43813188595464797,0.48213318097871405,0.06974707137050268,0.7495213892512346,0.1807315393782628,Low engagement
113,BlROdQkvtE0,0.3096829263038592,0.18266760765826404,0.5076494660378768,0.010350148873045932,0.9505454179329074,0.03910443319404664,0.018724615530366136,0.9685175641207725,0.012757820348861396,0.0031370447154061777,0.7478744211782532,0.24898853410634064,0.025867951830215553,0.9554076791167307,0.018724369053053743,High engagement
116,EoBaEzxAH14,0.04288558630724935,0.013363142153100775,0.9437512715396499,0.046463502912347215,0.7879335147477371,0.16560298233991566,0.11264730627806482,0.22390661331411688,0.6634460804078182,0.11537299418726066,0.29715420232081663,0.5874728034919228,0.20789694960469038,0.34531575360087047,0.4467872967944391,High engagement
117,jYKb6YQ3gjw,0.000994012006861482,0.02629032169008459,0.9727156663030538,0.024752963980585064,0.9192779805031821,0.05596905551623283,0.047190624451758256,0.131812527524938,0.8209968480233037,0.003112088638754878,0.9612188365062536,0.035669074854991614,0.07738408665632596,0.7698011978740589,0.15281471546961511,Low engagement
118,nlMnZpiWAB8,0.14183304392557677,0.515801491107279,0.3423654649671442,0.03860506843136841,0.8981988780419276,0.06319605352670393,0.1361175758123405,0.260398197802374,0.6034842263852854,0.022549385030942542,0.19295581976155887,0.7844947952074987,0.12031889500660241,0.18126683617593933,0.6984142688174583,Medium engagement
121,QiphK26fGYk,0.07868625898457157,0.15877996045470916,0.7625337805607193,0.13048248231018075,0.6123574700211811,0.2571600476686381,0.023103137430978627,0.5436473999808042,0.4332494625882171,0.0028772231195415966,0.9600656467773724,0.03705713010308612,0.03330333741762117,0.8795250658365563,0.08717159674582262,Low engagement
122,Dft-eTqhhg4,0.0014856844733857906,0.9867201164255184,0.011794199101095816,0.006459928993246073,0.9776361253725764,0.015903945634177515,0.22791455522716483,0.49114680588041676,0.2809386388924183,0.07727223324504126,0.1863982927860724,0.7363294739688864,0.04313975392808574,0.5462432100269751,0.41061703604493904,High engagement
123,uKDCqvrQbiM,0.026263806075292346,0.6704750909714376,0.3032611029532699,0.012656255491341287,0.9714121533485583,0.01593159116010042,0.07877665338495282,0.2513653454438426,0.6698580011712046,0.0058205435335587485,0.35578060831765385,0.6383988481487876,0.1045140614262269,0.6955858140788936,0.19990012449487962,Medium engagement
124,KKHTT0UATCM,0.0010685110003678042,0.9930591223840032,0.005872366615629143,0.0230179552192956,0.9287669240874636,0.04821512069324068,0.03763384359647198,0.3404104060303745,0.6219557503731535,0.6664202605069744,0.12537499938389052,0.2082047401091351,0.17591224574248737,0.22828941150070092,0.5957983427568118,Medium engagement
125,bVV8fZo9BTQ,0.04625872853650558,0.09392121470322967,0.8598200567602647,0.3149840252869069,0.6083891807493279,0.07662679396376525,0.09016710608751252,0.1486317560794918,0.7612011378329957,0.06960171733315483,0.13341397976766023,0.7969843028991849,0.06315925686115846,0.5477927601954022,0.3890479829434393,High engagement
127,v5_fQoVAubU,0.013521412759456532,0.7237459649899695,0.2627326222505741,0.7433249024826472,0.21167104353638172,0.045004053980971126,0.13705815260628268,0.3870223309322833,0.475919516461434,0.06326397482203344,0.24215367832630266,0.694582346851664,0.13773239035273283,0.6678514584340847,0.19441615121318265,Medium engagement
129,HH08FAjXUzU,0.001351639694559892,0.996804808491633,0.001843551813807316,0.0508641052036716,0.3583272032667924,0.5908086915295361,0.02670480475145315,0.7637880027988155,0.20950719244973132,0.001808489655200142,0.9647599897365071,0.03343152060829266,0.005842330905191522,0.9893533521542739,0.004804316940534702,Medium engagement
133,dyI8YLp_Z3o,0.005766485978073466,0.05377642592040585,0.9404570881015207,0.015642953836187672,0.9368070914838581,0.047549954679953974,0.09414210016925652,0.3201784076781055,0.585679492152638,0.00727412054487801,0.7883916541460403,0.20433422530908163,0.09497908214034041,0.4694281169408644,0.4355928009187952,Low engagement
136,HDbrPqUGG-k,0.0034507496476126644,0.9933179277555159,0.0032313225968715227,0.015034584940985675,0.16381767099553896,0.8211477440634753,0.21769128949648145,0.5025665646700458,0.2797421458334728,0.01320767511669453,0.014782967156255204,0.9720093577270502,0.0738730584128797,0.6657419066962328,0.2603850348908875,High engagement
140,rZCbRV373FY,0.011797289117631365,0.5172971003701372,0.47090561051223145,0.004195503024673462,0.7746561555641155,0.22114834141121087,0.010734410661195258,0.03830102860221261,0.9509645607365921,0.08433691079137845,0.3973143381274693,0.5183487510811522,0.026010243951511313,0.005665548872839847,0.9683242071756488,Medium engagement
141,-2Q7iavjHSI,0.0277888399371332,0.8820609138314995,0.09015024623136722,0.35025687271295025,0.003982850343833558,0.6457602769432161,0.33810890017299394,0.204762396084983,0.4571287037420231,0.08017772886658515,0.008572882455447819,0.911249388677967,0.45712109191656425,0.013642057148359334,0.5292368509350763,High engagement
143,ZYMVT-H9Y4Y,0.0031957899211398424,0.9933592859114673,0.003444924167392735,0.038289950576149895,0.2342912525803754,0.7274187968434748,0.2441055496802238,0.09434561870873179,0.6615488316110444,0.1273795075620146,0.05940980301773879,0.8132106894202467,0.20740496014821125,0.027499648427627213,0.7650953914241615,Medium engagement
144,20VbkG08eTc,0.009595420824443637,0.9772589334487505,0.013145645726806083,0.01245565229951192,0.033013215606626414,0.9545311320938616,0.07373010883390478,0.43130362881326,0.4949662623528352,0.05933553582620713,0.7221872655399513,0.2184771986338416,0.10573037154212914,0.1177510264216527,0.7765186020362181,Medium engagement
145,0Q-KKmIwPTY,0.007835386687015694,0.9839306600114879,0.00823395330149643,0.085502762318389,0.5279091398921015,0.3865880977895096,0.4442028915766921,0.16928451710560322,0.38651259131770455,0.1476084542670307,0.6919579214497447,0.16043362428322464,0.06162678214644226,0.6081187653719341,0.33025445248162366,Medium engagement
148,h-JAeecA2F8,0.0016706217289644092,0.9946794139443447,0.0036499643266911345,0.01681803037468249,0.09362282003730868,0.8895591495880087,0.14802889708623504,0.3967573167854379,0.455213786128327,0.007968239814844931,0.6934833650588945,0.29854839512626064,0.0812111945139632,0.004522182890056154,0.9142666225959807,Medium engagement
149,_iJ5fLVgzpU,0.0008529061840963795,0.01650256152151215,0.9826445322943915,0.0906725195135417,0.42934979395262174,0.4799776865338366,0.15033922021963325,0.041163842616746056,0.8084969371636206,0.013877844977150663,0.8082505493729717,0.17787160564987767,0.07587398377425741,0.025026900829090756,0.8990991153966519,Low engagement
153,CLQyeTVBA1s,0.27549463804035534,0.017549555943409147,0.7069558060162354,0.008942596464092694,0.9777753676538207,0.01328203588208671,0.012303832265416528,0.07474663363234249,0.912949534102241,0.05038693153672041,0.20365650550696576,0.7459565629563137,0.10547997333856143,0.6405267631952446,0.25399326346619405,Low engagement
154,Ti8nOOyf3Y0,0.006887384038519945,0.09620936875108684,0.8969032472103933,0.1201037229137043,0.6778449624988844,0.2020513145874114,0.07865884185032283,0.20352081109722156,0.7178203470524556,0.005545232721822128,0.9686189404337571,0.02583582684442071,0.08602325531234815,0.45622543697762785,0.45775130771002387,Low engagement
156,sSz71Xp8sqg,0.0018814741477902613,0.9938414079597513,0.004277117892458558,0.1615270864772135,0.3198069282219326,0.5186659853008538,0.16140376438796764,0.5426377929680797,0.29595844264395266,0.11607159910414777,0.15074058394076512,0.7331878169550872,0.10317698064351993,0.044244245642524264,0.8525787737139559,Medium engagement
157,Bxw8ylB8B9g,0.0030745058889233142,0.5363615302971626,0.46056396381391407,0.002019431039450946,0.9945724039640533,0.0034081649964958034,0.01969114155817486,0.44704937814183154,0.5332594802999936,0.12293476179669967,0.693760238851089,0.18330499935221134,0.07881146116379487,0.015386862982354494,0.9058016758538506,Medium engagement
161,Rq9xtRabM20,0.001200167527681585,0.9927988724534733,0.006000960018844985,0.022690584866103675,0.9122798140439451,0.06502960108995125,0.25762064538444995,0.15717351012660224,0.5852058444889479,0.010449246917251893,0.08610464114347759,0.9034461119392705,0.2887359513186012,0.29531366976516454,0.4159503789162342,Medium engagement
163,uf4RiwAmXkQ,0.0011407330506275084,0.9815573670339319,0.01730189991544066,0.02539600869263942,0.9099652539711511,0.06463873733620945,0.5277008414990618,0.0384464423713555,0.43385271612958265,0.03093785017927236,0.04307637143866718,0.9259857783820604,0.0058347014983702265,0.9708529275960321,0.02331237090559777,Medium engagement
167,6D2I9TaERZo,0.02794069919551172,0.1649148493950769,0.8071444514094115,0.005828988841224633,0.9894507099238904,0.004720301234884885,0.016419120404727434,0.7714475916601372,0.21213328793513545,0.025254514033870027,0.08735527707775621,0.8873902088883738,0.187786997263061,0.254298886498642,0.557914116238297,Low engagement
168,ATd0zK5yRxQ,0.009125295074070672,0.9296323665953995,0.06124233833052974,0.0421022043374823,0.9292968926532824,0.028600903009235273,0.3202670020001116,0.12807883271922613,0.5516541652806622,0.018752368896021335,0.13826502761883394,0.8429826034851446,0.15645609272748112,0.46443334302837064,0.3791105642441482,High engagement
169,ETx0LjSlypY,0.1159038658863539,0.08091922848458112,0.803176905629065,0.006712077586422909,0.9837738241180745,0.009514098295502562,0.08247751366444765,0.2633432724984242,0.6541792138371281,0.02352975095260746,0.027840348651039636,0.948629900396353,0.31473682981264667,0.015470612833344742,0.6697925573540087,Low engagement
170,MciiUwEYSAA,0.11478596893084045,0.24308482918617452,0.6421292018829851,0.018196368093303147,0.9716128830928681,0.010190748813828894,0.03260323516661049,0.44656191028812725,0.5208348545452622,0.1585546353434259,0.6291499571206314,0.2122954075359428,0.139461169460878,0.037878219284149035,0.822660611254973,Low engagement
171,OlXHcxset5k,0.032603516318980966,0.9243329975578762,0.04306348612314266,0.058533478801535796,0.9131935160579963,0.02827300514046793,0.024327799049390596,0.06764884304224518,0.9080233579083643,0.008468192780632926,0.6103170025334197,0.38121480468594743,0.23533663473174607,0.07676224394662758,0.6879011213216264,Medium engagement
172,NVEsTTWiDb0,0.004043908979563941,0.986391340826708,0.009564750193728079,0.009502885701488264,0.9775056093519134,0.012991504946598264,0.03580065890164028,0.05248977042502987,0.9117095706733298,0.01379258488811828,0.020421544140082112,0.9657858709717996,0.1932912993538984,0.01189091452093047,0.7948177861251712,High engagement
174,UuGcsX_SXk8,0.026507386254519025,0.9214807408629321,0.0520118728825489,0.003256865430140728,0.9938898984922961,0.002853236077563181,0.0607466955791026,0.26170743703687344,0.677545867384024,0.02746878258408069,0.6652423385173384,0.3072888788985809,0.01029092022926186,0.004890512764732035,0.9848185670060061,Medium engagement
175,LiWuwuAG7gM,0.0062758013142693615,0.9840635417079372,0.009660656977793572,0.04269084992610528,0.9212505547924323,0.036058595281462255,0.1421938581749634,0.07256997731889753,0.7852361645061391,0.019524392858055094,0.560036602627214,0.42043900451473093,0.007393931595868117,0.007367168396955354,0.9852389000071765,Medium engagement
176,cfNmOAIBEzk,0.0654604061594626,0.6047290293093572,0.3298105645311802,0.5356027461666574,0.3648009292286817,0.09959632460466093,0.09327273377007016,0.537656763921607,0.36907050230832295,0.04987046316505149,0.0776519415688174,0.8724775952661312,0.17935656848107068,0.01103295925724566,0.8096104722616836,Medium engagement
177,9oWijcum75s,0.0969210949931963,0.09356378126014132,0.8095151237466623,0.4886422644090256,0.4319719005486948,0.07938583504227961,0.16415773639643777,0.10274980004768364,0.7330924635558786,0.4666535900909671,0.013510961004376819,0.5198354489046562,0.24738422042933908,0.44956754968585283,0.30304822988480795,Low engagement
178,KQZwy_-hV8M,0.0018059501101382396,0.9946514446366749,0.003542605253186692,0.05685678526140373,0.9209083959855993,0.022234818752996873,0.028191571524036597,0.2731465105896282,0.6986619178863354,0.09916348498588198,0.04991218514515366,0.8509243298689643,0.008207986007858796,0.02329248997405584,0.9684995240180854,High engagement
179,zECf8L305QA,0.006512140659224017,0.02066538598931463,0.9728224733514614,0.014774989371260667,0.976107789114027,0.009117221514712202,0.0887887894032787,0.12388088354720186,0.7873303270495196,0.0521266294055215,0.2007125170959634,0.747160853498515,0.08328078639868024,0.47866199768907985,0.4380572159122399,Low engagement
183,YRExFyspS6c,0.04712792302269702,0.5455685874698625,0.4073034895074404,0.024123758734206757,0.9453218936922937,0.030554347573499462,0.15111605910084636,0.1694104450593484,0.6794734958398052,0.12728778052787487,0.1711052491980316,0.7016069702740936,0.30711188106619347,0.16759446291288094,0.5252936560209256,Medium engagement
186,YTuuKjxBo4Y,0.006020128939468088,0.5280798990495797,0.4658999720109521,0.002846771863972992,0.9912530774964198,0.005900150639607175,0.20681838175454886,0.14606058560418797,0.6471210326412632,0.18589154519662374,0.28340036306783617,0.53070809173554,0.055666751606722326,0.014433041919051377,0.9299002064742263,Medium engagement
187,iSrhc-rnBGY,0.008912084766498478,0.7509583529483135,0.24012956228518798,0.17489296141902969,0.4002426283836787,0.4248644101972917,0.0966009730973808,0.5445899015523976,0.3588091253502217,0.13891747295183107,0.016561010358396626,0.8445215166897722,0.21868802444541177,0.3708357127213385,0.41047626283324967,Medium engagement
190,r_Q4KdVF8u0,0.008620500894112981,0.8386955942212936,0.15268390488459344,0.23223965717370662,0.5664943204783933,0.20126602234790011,0.14189294984985332,0.2332302123254972,0.6248768378246495,0.032967031404117775,0.357733688118005,0.6092992804778772,0.09316075753171298,0.16606846131622507,0.740770781152062,Medium engagement
192,80xlQ-6f52w,0.03586367612412744,0.9206395564311181,0.04349676744475455,0.9699271884839745,0.01673489158227437,0.0133379199337512,0.03379391316393977,0.658918912814857,0.30728717402120326,0.05254640641439985,0.8904684967593772,0.056985096826222985,0.08716383771276819,0.02521338483682813,0.8876227774504037,Medium engagement
193,zMCd5Nwrjvg,0.5385626459667509,0.0850283944799161,0.3764089595533331,0.16142643344217084,0.7582599941901775,0.08031357236765164,0.06360525143570951,0.1669679917958394,0.769426756768451,0.00724034513725257,0.9796394434419415,0.01312021142080601,0.2510441814326009,0.0226520708468817,0.7263037477205173,High engagement
194,hOam_EpkHys,0.0013504514019831734,0.9938708054717289,0.004778743126287956,0.05557075957297313,0.9021069025144167,0.04232233791261014,0.07984477794213536,0.6255219416890783,0.2946332803687863,0.004525133888575063,0.9648404974498267,0.030634368661598216,0.32124563748791385,0.6581351110013436,0.020619251510742478,Medium engagement
196,jlfcBSulKSc,0.013392903470270324,0.3888007829119159,0.5978063136178138,0.0984979842360647,0.5019171940159721,0.3995848217479631,0.22292326112876473,0.22864208951338702,0.5484346493578481,0.03283675000260326,0.9000443734261825,0.06711887657121433,0.1129841838575396,0.7352760755900646,0.15173974055239578,High engagement
197,PO8AJ0W4n5A,0.03391280089250517,0.5654556558038414,0.40063154330365336,0.9001243884485735,0.030267205053425204,0.0696084064980015,0.26360694875831286,0.4561182784449657,0.2802747727967215,0.060404482647746824,0.8188495667308882,0.12074595062136503,0.16992549824292086,0.40691985859258495,0.4231546431644941,Medium engagement
198,AXpZWExmXG4,0.02571823220242078,0.6871890646880169,0.28709270310956225,0.0026334324816307863,0.9928003509492083,0.004566216569161045,0.05586929783508009,0.11800859029325611,0.8261221118716638,0.011448665097522178,0.9371756633773194,0.05137567152515839,0.07769207413706389,0.05721378745781543,0.8650941384051207,High engagement
200,1Cdw6r4aR9s,0.0007055012902309248,0.991180327398231,0.008114171311537953,0.019657710119852154,0.9692332820481696,0.011109007831978416,0.24340461958726992,0.27135837601213064,0.4852370044005993,0.10689445545433161,0.7556153249132865,0.13749021963238195,0.056595318106494895,0.0230859573494824,0.9203187245440227,Medium engagement
202,OaoIFyL17LA,0.12293271136655419,0.2519954552912278,0.625071833342218,0.8674861144179401,0.0715446406367518,0.0609692449453081,0.16201646956690754,0.5219959200827239,0.3159876103503686,0.0030159090860150508,0.9888222667976792,0.008161824116305687,0.09187439314778977,0.30983402512246083,0.5982915817297494,Low engagement
203,AX95ZiZ2Qlg,0.042185514904375256,0.13972831983314077,0.8180861652624839,0.00956270767465473,0.9705273432607214,0.0199099490646239,0.06763101009769316,0.4667236258095935,0.46564536409271323,0.021185893830250966,0.8867760156982218,0.09203809047152721,0.21455640583850938,0.45179731618784336,0.33364627797364727,Low engagement
204,q6dx9JErQWg,0.011245048718198144,0.95765305434068,0.031101896941121712,0.8451721007484475,0.13195177989339174,0.022876119358160665,0.005672501712759568,0.03893471335396018,0.9553927849332803,0.002548688175346553,0.9887016788336764,0.00874963299097706,0.020127680026934647,0.004124307288418965,0.9757480126846463,Medium engagement
205,36d1A67j7JI,0.001025461068420078,0.9856411356444915,0.013333403287088414,0.9453704101165532,0.03750272923134952,0.017126860652097134,0.0742405090513276,0.23191250193712182,0.6938469890115505,0.7668834715152849,0.2169871491752372,0.016129379309477755,0.007786782933215544,0.026614635829044143,0.9655985812377402,Medium engagement
207,myYz17VaMS4,0.008705445107729177,0.9675354531894258,0.02375910170284526,0.9268298077347042,0.0533040652878472,0.0198661269774485,0.17382191296970906,0.4295858233610842,0.39659226366920686,0.004168764193368266,0.9923259148850269,0.0035053209216047957,0.23507222330064564,0.2651340077572889,0.49979376894206545,Medium engagement
210,0jJX7p6qzMY,0.03453950206721712,0.2033422873421827,0.7621182105906003,0.9333032014127559,0.036762441953369966,0.029934356633874008,0.051448428241650905,0.6528558109294008,0.2956957608289484,0.01769364293673792,0.9140085175059525,0.06829783955730971,0.016441496077718106,0.011127402601962601,0.9724311013203194,High engagement
213,Ns4YWt0pFnk,0.055449126564136024,0.5126837136529695,0.4318671597828945,0.008019484143972013,0.9799688828339036,0.012011633022124272,0.09429587271692076,0.7897186099928731,0.11598551729020595,0.0018597207894415473,0.994618180433535,0.0035220987770233467,0.07348141471734995,0.33602564955582215,0.5904929357268278,Medium engagement
214,CC7KqBMosCM,0.007653832417416866,0.9438810846348151,0.04846508294776794,0.1962677184511671,0.03206173654315563,0.7716705450056772,0.020911581940942343,0.4825783016279925,0.4965101164310652,0.007447209246181746,0.9821722726283582,0.01038051812546012,0.22016845861432255,0.06978302160952411,0.7100485197761532,High engagement
216,1fQC7eDEPsI,0.030240963895177306,0.17455658735900942,0.7952024487458133,0.14484021411015374,0.4737907639398091,0.381369021950037,0.010394430690916407,0.7543766683896423,0.23522890091944137,0.9060285612466487,0.042720229981973556,0.05125120877137771,0.2497798929965526,0.02388755173207934,0.7263325552713681,Low engagement
217,CXmlPP4S6cw,0.01022218730902496,0.29311322533445316,0.6966645873565218,0.261475117518744,0.16009547233241522,0.5784294101488408,0.01777445108532086,0.3094668550799194,0.6727586938347597,0.22754754333106092,0.20295165941989665,0.5695007972490425,0.23710552035405524,0.0718532259656253,0.6910412536803194,Low engagement
218,Z4aUJR43RpA,0.0008480337274448882,0.03913286631729378,0.9600190999552612,0.19084601384454095,0.03401298409598694,0.7751410020594721,0.07669994746178588,0.23746469768619669,0.6858353548520174,0.053285374240213325,0.823155062063381,0.12355956369640582,0.06899638585288234,0.5456881637664671,0.38531545038065046,High engagement
222,67UynYLB31c,0.021926458197279158,0.7733691150688938,0.20470442673382688,0.0254761053644388,0.8196045081878192,0.1549193864477419,0.24055358600634355,0.347706938761605,0.4117394752320514,0.31416189263529576,0.3763017948022642,0.30953631256243996,0.034510118546723395,0.24633259097183838,0.7191572904814382,Medium engagement
223,f9tdOix1tLY,0.0042821610130798745,0.9522142766769905,0.04350356230992948,0.9206420888667234,0.06634779115880736,0.013010119974469271,0.04037080943418326,0.0516479090316563,0.9079812815341604,0.37114208955381156,0.0357169163265723,0.5931409941196162,0.06432309918614722,0.8275538373744441,0.10812306343940867,Medium engagement
224,Wm-tMlLhbdA,0.005990891353863015,0.9833761141338869,0.010632994512250088,0.15824804693913594,0.017321793052351927,0.8244301600085121,0.021111611295502927,0.07091712643038209,0.907971262274115,0.005243713167492044,0.9844675002029489,0.010288786629559158,0.2809529259696314,0.004069724916748228,0.7149773491136203,Medium engagement
225,1wbOLQS4LWk,0.016410782367356644,0.5168291854647256,0.4667600321679177,0.15969072158926284,0.01806343085118407,0.8222458475595531,0.08447119162283775,0.5618506988549342,0.35367810952222795,0.8646595315024975,0.06255746843684211,0.07278300006066028,0.15892085568318984,0.24285265471234138,0.5982264896044689,Medium engagement
226,DnaE_DpG_XE,0.004369560352362327,0.8870487707517146,0.10858166889592312,0.10185185955731509,0.017329537917793295,0.8808186025248916,0.0494120920187497,0.016818052361203057,0.9337698556200471,0.0018277808791438575,0.9935322313429824,0.004639987777873776,0.08142243072769953,0.22839297584730858,0.6901845934249918,Medium engagement
227,ovp3WFhO7zU,0.023399618134074405,0.789422327119333,0.18717805474659274,0.008144682052451377,0.9767809354788612,0.015074382468687442,0.05858940798744322,0.8233923575636823,0.11801823444887438,0.00860484460286953,0.9726675265019266,0.018727628895203983,0.051323890514612426,0.611679489158542,0.33699662032684563,High engagement
231,x_16Q4m7dGs,0.040334511715964375,0.8383820843354298,0.12128340394860579,0.059681535930887666,0.6613747516143862,0.27894371245472616,0.03267561432709758,0.48764535406553366,0.47967903160736874,0.04212954721391799,0.8577421647489624,0.10012828803711966,0.3261686726833093,0.1298514446509902,0.5439798826657005,Medium engagement
232,9um42yjMOmI,0.01563141769164521,0.9604835849808527,0.023884997327501916,0.08728591466960754,0.08100673131599928,0.8317073540143931,0.02389361918819166,0.44241047891275365,0.5336959018990546,0.0953930485271918,0.16052219962594075,0.7440847518468675,0.2809529259696314,0.004069724916748228,0.7149773491136203,Medium engagement
234,iTlozeljTOs,0.03169751012784817,0.685462825556583,0.2828396643155688,0.01891869957057619,0.8902625955559145,0.09081870487350936,0.039163117907492676,0.6978232010611694,0.263013681031338,0.15122305002808148,0.7454938221791426,0.103283127792776,0.19001732224528325,0.03806410342171783,0.771918574332999,Medium engagement
235,gSHzAWvQ5dU,0.011205155422373507,0.8785171142672423,0.110277730310384,0.05177113646092519,0.8271676232739128,0.12106124026516212,0.05306330669984653,0.08226790911007123,0.8646687841900823,0.15340205135418866,0.575030199604309,0.2715677490415022,0.2661870409719343,0.3738172217595477,0.35999573726851797,Medium engagement
236,DCOlkoHGTx8,0.13666979126005935,0.7742462430844944,0.08908396565544621,0.011566694166225086,0.9781888113951902,0.010244494438584563,0.02400126378814554,0.8798069713927616,0.09619176481909286,0.020021455719304648,0.9229394386250824,0.05703910565561299,0.012981732571623708,0.0032476414429547474,0.9837706259854214,Medium engagement
237,fVKfnJS_UEw,0.024706093743258037,0.349036016738917,0.626257889517825,0.008181218112644413,0.9657444193626143,0.02607436252474122,0.009682186170629041,0.13283221194575803,0.8574856018836129,0.005525325246451498,0.9733434138713477,0.02113126088220078,0.2884299904182577,0.033624589102708824,0.6779454204790335,Low engagement
238,tgOi_45ejpU,0.006476441644000579,0.7782531509585884,0.21527040739741113,0.016445620618501817,0.9753304549621069,0.00822392441939129,0.04650671577823857,0.053535163383128075,0.8999581208386332,0.15142383371355503,0.7364442034877351,0.11213196279870986,0.46679473977966235,0.007697176255447841,0.5255080839648898,High engagement
240,DAl2gcxn1uM,0.005415872673194495,0.04168058171411583,0.9529035456126898,0.006061165357395291,0.9731904283121343,0.02074840633047041,0.013744689470814052,0.5892524748211202,0.3970028357080657,0.09273964021362573,0.7979769465574841,0.10928341322889036,0.1295872620584561,0.31794807297177424,0.5524646649697696,Low engagement
242,C2Y8tNmXY1w,0.07790192386192571,0.8713934422244602,0.05070463391361392,0.01626371591808531,0.9692548892863613,0.014481394795553522,0.07769991354872491,0.2846666939638376,0.6376333924874376,0.09755984732823038,0.38167050644423517,0.5207696462275344,0.007562838119290708,0.00814292531652185,0.9842942365641875,Medium engagement
243,Vd7r7cQWGuU,0.021813183077471727,0.96443774657188,0.013749070350648205,0.0009016707854563764,0.9971311066682679,0.001967222546275805,0.02785947170863279,0.49532178018387324,0.4768187481074941,0.028975606975910957,0.9556298996295759,0.015394493394513048,0.016923304607887227,0.05533331172459693,0.9277433836675157,High engagement
244,NzT8E0IGUAc,0.019123650826030014,0.2597496486804941,0.7211267004934759,0.004894295070497875,0.9728453700361102,0.02226033489339204,0.17372773284332957,0.6327749552959093,0.19349731186076113,0.02404548587456273,0.8961668380841521,0.0797876760412852,0.0812111945139632,0.004522182890056154,0.9142666225959807,Low engagement
245,mU5ZF_Dg8Wo,0.006247223416154785,0.049845186313376665,0.9439075902704687,0.06811448667190693,0.9023823475581308,0.029503165769962144,0.11637988537681508,0.19409338100636658,0.6895267336168183,0.030140958316699478,0.9367465762538825,0.03311246542941803,0.09769888771302807,0.4417386392616288,0.46056247302534303,High engagement
247,j2R_00DT8_U,0.0064929457865734366,0.6295050116177642,0.36400204259566243,0.0875373225114342,0.6690330827283556,0.2434295947602102,0.2360633554317006,0.1375305996110085,0.6264060449572909,0.21002763439362654,0.05358268087870189,0.7363896847276716,0.49671049015673374,0.00915684192596244,0.49413266791730376,Medium engagement
248,hndAw7raosI,0.06293361590691503,0.2978845079373989,0.6391818761556861,0.05792702594219468,0.844842135252018,0.09723083880578724,0.1324448657584043,0.7245608260175923,0.14299430822400339,0.009818362455762427,0.9601039522694873,0.03007768527475031,0.08547960215816348,0.0994033573825119,0.8151170404593246,Low engagement
251,evEFBUchxyw,0.037333621397692335,0.3804803313661024,0.5821860472362053,0.17736077697301023,0.7477991130471489,0.07484010997984092,0.02422754440551931,0.26518436949553204,0.7105880860989486,0.08115334728292269,0.710315834836008,0.20853081788106928,0.2836495528809568,0.012147982074429459,0.7042024650446138,Low engagement
252,wPgzWlwfx1s,0.0014634500795639757,0.982917994667291,0.015618555253145084,0.024600644748060566,0.9494707801233876,0.025928575128551755,0.07423772038168315,0.3603987883703238,0.5653634912479931,0.210072062149354,0.12467745484516361,0.6652504830054824,0.11867011123717473,0.3472065676767105,0.5341233210861148,Medium engagement
253,MjAOhPHNq30,0.05524731268289484,0.5923112913247165,0.3524413959923887,0.7218997547881565,0.15148205835262757,0.12661818685921586,0.33693999739170977,0.16357439742128455,0.49948560518700563,0.10306210056726604,0.49637841187289283,0.40055948755984105,0.2137939706895874,0.42946188523736506,0.35674414407304755,Medium engagement
254,CLQj_fawwDQ,0.0005640288484196713,0.9960054374895702,0.0034305336620102426,0.015922953198494762,0.9543536201813204,0.02972342662018475,0.4743017386780639,0.19402155834177526,0.3316767029801608,0.10303861349893262,0.8587906889701552,0.03817069753091224,0.28770171316771,0.07766308150751763,0.6346352053247724,High engagement
255,nmsJ4FZvUvw,0.05697629740417885,0.733966641684093,0.20905706091172804,0.0015298123190738478,0.9951726514994874,0.0032975361814386703,0.09297923653020808,0.2831377589295747,0.6238830045402172,0.20278648923387732,0.09305785300252471,0.704155657763598,0.10311544450301029,0.04214992315065833,0.8547346323463313,Medium engagement
256,R4nePeMntYs,0.004862624532113174,0.967163008875922,0.027974366591964846,0.1612105949077211,0.40915681994364905,0.42963258514862973,0.04475029093165441,0.5576523933539149,0.3975973157144306,0.2806825359562114,0.07347610405131809,0.6458413599924705,0.010505798949722329,0.00709645562878375,0.9823977454214939,Medium engagement
259,5LO-Tmh2pnE,0.0010079007105845371,0.9940660944086422,0.004926004880773249,0.0526862987969913,0.8162231610315408,0.13109054017146793,0.01765078530345368,0.12351750526554876,0.8588317094309976,0.013761121598367544,0.9667134899741952,0.019525388427437295,0.05476622644807292,0.00392051382580728,0.9413132597261199,High engagement
260,aoj2QGexjkA,0.08067394695487853,0.29102946146674796,0.6282965915783735,0.427039385357264,0.4388650621887434,0.13409555245399252,0.01638632325273268,0.48767421182648474,0.4959394649207825,0.07533267470998727,0.8063579831792301,0.11830934211078271,0.2809529259696314,0.004069724916748228,0.7149773491136203,Low engagement
262,1jROm7sefiI,0.010751889569189862,0.43516970283955536,0.5540784075912548,0.003755062667935616,0.9464191651380226,0.04982577219404181,0.06925548242222736,0.061642597908869716,0.8691019196689028,0.029826082099283256,0.8564664451209761,0.11370747277974057,0.15244716243401418,0.09140890400923621,0.7561439335567496,Low engagement
263,PsjvdL4_8Kk,0.012195734413699333,0.8372264400332077,0.15057782555309296,0.013301002631721648,0.9547470113325444,0.031951986035734126,0.17688365703467082,0.5844536943922556,0.23866264857307357,0.11655363520924125,0.7440928382267649,0.13935352656399386,0.3641539434941412,0.005842520307669924,0.6300035361981889,Medium engagement
264,n3K2NiCdX_8,0.007614557146301682,0.2548399180734957,0.7375455247802026,0.13292427213783847,0.03974093137742874,0.8273347964847327,0.2389901686254878,0.3208795928987739,0.4401302384757384,0.015020980490828107,0.9575085274429321,0.02747049206623977,0.040228430089123066,0.008969353311323562,0.9508022165995534,Low engagement
265,t2AJSYm1QnI,0.0010733862023694957,0.037660292002380226,0.9612663217952504,0.004295581121948034,0.8447860117465135,0.15091840713153848,0.05033323608673353,0.25017242495850583,0.6994943389547607,0.2159113418026194,0.17622142383549994,0.6078672343618806,0.1432200073117642,0.5266953497074672,0.33008464298076856,Low engagement
266,nrYJquWPFsQ,0.0010691800578094856,0.04492997053298069,0.9540008494092098,0.010192535633828199,0.7622524495483496,0.22755501481782217,0.04851014065920667,0.08267185044083109,0.8688180088999623,0.010225780148572273,0.9792411406454515,0.010533079205976398,0.0026157208662799976,0.0016943080617389376,0.9956899710719811,High engagement
267,bCpNfMJZvRU,0.009152231083286335,0.05211737897608759,0.9387303899406261,0.03879430751216764,0.05676841423363214,0.9044372782542002,0.24537002872872996,0.3749358270770606,0.37969414419420944,0.015656363212625563,0.9607462217725272,0.023597415014847318,0.006244893100277535,0.00692072075662207,0.9868343861431003,Low engagement
271,W3s7aVeweBQ,0.000816384238468673,0.0328566697463406,0.9663269460151906,0.15525480572144407,0.13823218573654777,0.7065130085420082,0.06105713290796416,0.1870485608689809,0.7518943062230551,0.0648113351577992,0.8098904230035472,0.12529824183865365,0.15468271713780082,0.02173942695649489,0.8235778559057042,High engagement
274,v40k8_Ughog,0.0024189399374033504,0.9655815347462542,0.0319995253163424,0.11644229217753167,0.24301843906432152,0.6405392687581469,0.005085241776408438,0.07228328274705005,0.9226314754765416,0.09432432594400068,0.5457092642919871,0.35996640976401234,0.20919637305639185,0.18861233008685543,0.6021912968567527,High engagement
275,NSXawee7Zh0,0.004087803134298133,0.981662506409886,0.014249690455816056,0.8464071729137556,0.06344850240972358,0.09014432467652088,0.014400459092279801,0.06509725115276335,0.9205022897549567,0.07758941582594747,0.7161965069156224,0.20621407725843013,0.17265125052488295,0.38409734777832744,0.44325140169678956,Medium engagement
280,FiYgiSVp46I,0.00211023155937388,0.9883812423472471,0.009508526093379035,0.10774140571236351,0.27248608233800253,0.619772511949634,0.023328925060552643,0.34628361175972433,0.630387463179723,0.016117115262161575,0.9279900955107555,0.05589278922708293,0.09633371267451243,0.5416202326226945,0.362046054702793,High engagement
281,STl3-K8xH4k,0.0038099552616303522,0.9700150016795367,0.02617504305883297,0.015115492516839997,0.09286825432707455,0.8920162531560855,0.10724475830506341,0.4513932344971085,0.4413620071978281,0.0035460102567227473,0.9783234879498797,0.01813050179339762,0.05121106099194101,0.7956650887717835,0.15312385023627545,Medium engagement
287,r-7frUTTpiQ,0.02469479471224158,0.6642188741776518,0.31108633111010664,0.10267733760181857,0.5479835563981466,0.34933910600003487,0.2469436349488021,0.17233536362685387,0.5807210014243441,0.01238223010103161,0.8486162053339368,0.13900156456503163,0.02316042064286163,0.017628351489150748,0.9592112278679875,Medium engagement
289,_K7oGl9SRcY,0.14097458137193808,0.30830823520268574,0.5507171834253762,0.004034231051579614,0.9852140192667199,0.010751749681700371,0.11290945474853456,0.5218487347267582,0.3652418105247072,0.9435993838422968,0.018736196404083125,0.03766441975362001,0.06951779011784008,0.4507869601109672,0.47969524977119277,Low engagement
295,_efHypjQ0OU,0.009260505468191092,0.7382418354214654,0.2524976591103434,0.8212762503867203,0.08391338022110385,0.09481036939217584,0.13410103005105303,0.05226035996784174,0.8136386099811053,0.0652144301341179,0.48749339462570873,0.4472921752401734,0.19288007276326058,0.09455906887873364,0.7125608583580058,Medium engagement
296,3cqklBkbads,0.01224917926187338,0.8319375772822815,0.15581324345584502,0.42348515650949864,0.06187260357967746,0.5146422399108239,0.12048235977770215,0.2849901102318426,0.5945275299904551,0.002119408054346616,0.9871569725340574,0.010723619411595792,0.017138484782406534,0.0298587121523216,0.9530028030652719,Medium engagement
297,mz7nMBq2T0E,0.0031446477852182884,0.08957253707903864,0.907282815135743,0.5649756354726264,0.21313765794039302,0.22188670658698062,0.0478347964048139,0.8579560900266033,0.09420911356858258,0.11889525711836516,0.8113955221432781,0.06970922073835667,0.2979281438300173,0.01355032795064748,0.6885215282193351,Low engagement
300,gbFpbHQxbho,0.015041331096133613,0.7148414187656904,0.2701172501381759,0.8124994271103431,0.07817650747229576,0.10932406541736105,0.10558982639636412,0.13161666853971132,0.7627935050639245,0.031186386403697714,0.9504828950813586,0.01833071851494382,0.03420281474346919,0.004744562543606632,0.9610526227129242,Medium engagement
302,qHSJTfQNO_s,0.09690758830075309,0.5789168671905721,0.3241755445086747,0.004218755411670529,0.9836390860560703,0.01214215853225906,0.008164118477593083,0.969947443328804,0.021888438193602887,0.01835532876180313,0.9472813661182046,0.0343633051199923,0.09659191114071354,0.039466144213639975,0.8639419446456464,High engagement
303,1B3sMmum-aE,0.10307873987948675,0.05429125742823316,0.8426300026922801,0.00780564411545863,0.09198269116177143,0.9002116647227699,0.002393982188159268,0.979630335294744,0.017975682517096612,0.03903195530607568,0.9269965804346582,0.033971464259266136,0.15748370991052052,0.08887094537105425,0.7536453447184253,Low engagement
304,WlvTYFyc1XI,0.01007294946399645,0.853964160432315,0.13596289010368845,0.6967908477955018,0.03457519675699078,0.2686339554475073,0.06449439748264024,0.8901062440495012,0.045399358467858524,0.33838531029901425,0.24144751417880153,0.42016717552218436,0.47007211647879765,0.0425674523198169,0.4873604312013854,Medium engagement
305,orCBEm0De3A,0.007892466394618816,0.775430498498614,0.21667703510676728,0.2897028283151308,0.13578270432454617,0.5745144673603231,0.04838770652804951,0.8641951964214043,0.08741709705054625,0.0070215524434665165,0.9591055394253918,0.033872908131141605,0.02820939598005659,0.05446303698042208,0.9173275670395213,Medium engagement
306,Ghlkjvb_gXU,0.0575518822867938,0.5019983159780722,0.44044980173513393,0.01662422586268063,0.00944834647868192,0.9739274276586374,0.22908913681407406,0.46877126576811895,0.302139597417807,0.1720784865125039,0.6247684268909676,0.2031530865965286,0.233496858372223,0.0036187144780296435,0.7628844271497474,Medium engagement
