channel_id,MONTH(upload_date),YEAR(upload_date),q_score,likes_rate,comments_rate,SKEW(comments.likes),NUM_UNIQUE(comments.username),upload_date
UCZE88kYvCKUKjM-G0uc8Duw,2,2017,0.928559157,10.91402238,1.042982158,4.512859298,46.5,2/1/2017
UCxa35ypw3h6pezfr3RPhYKg,2,2017,0.48657188,5.385955262,5.191144114,2.484543184,15,2/1/2017
UCNyaiKq1S8y3lC4Iktsi6fg,2,2017,0.617592015,2.657943999,0.49345219,2.749993509,12,2/1/2017
UCZE88kYvCKUKjM-G0uc8Duw,3,2017,0.957106872,10.51454072,0.809394325,5.226530113,62.5,3/1/2017
UCZE88kYvCKUKjM-G0uc8Duw,4,2017,0.964000979,10.55414302,0.815358203,4.616991121,38.66666667,4/1/2017
UCZE88kYvCKUKjM-G0uc8Duw,5,2017,0.952616326,11.51959952,0.854429476,5.689590281,51.5,5/1/2017
UCxa35ypw3h6pezfr3RPhYKg,5,2017,0.735664402,4.145563212,1.517275413,2.332743052,14.33333333,5/1/2017
UCZE88kYvCKUKjM-G0uc8Duw,6,2017,0.950076045,11.20108636,0.84356648,4.213123552,37.25,6/1/2017
UCxa35ypw3h6pezfr3RPhYKg,6,2017,0.806490385,7.289917394,2.33937429,2.052723503,14,6/1/2017
UCZE88kYvCKUKjM-G0uc8Duw,7,2017,0.944046414,10.21108519,0.737271582,4.176472223,48.5,7/1/2017
UCxa35ypw3h6pezfr3RPhYKg,7,2017,0.866625976,11.06608724,3.929441528,0.5,2,7/1/2017
UCZE88kYvCKUKjM-G0uc8Duw,8,2017,0.958063925,14.48880811,1.377886317,5.868765957,76.75,8/1/2017
UCxa35ypw3h6pezfr3RPhYKg,8,2017,0.75611933,6.591605649,2.626845831,1.345411457,8.2,8/1/2017
UCxa35ypw3h6pezfr3RPhYKg,9,2017,0.768508772,6.770341163,3.304416773,0,0,9/1/2017
UCZE88kYvCKUKjM-G0uc8Duw,9,2017,0.94687488,10.2279516,0.628829229,4.376398275,51.33333333,9/1/2017
UCM7FTcrsCU2NpQ7ywJ3vemw,9,2017,0.874672145,7.95603708,0.545110335,3.08983112,41.33333333,9/1/2017
UCxa35ypw3h6pezfr3RPhYKg,10,2017,0.697114067,7.373452337,4.307341155,0.798670771,3,10/1/2017
UCZE88kYvCKUKjM-G0uc8Duw,10,2017,0.957571212,11.43602961,1.06261946,6.676255859,101,10/1/2017
UCb7KjBkHa1kUqJYIiZLiBuA,10,2017,0.439063299,1.307794688,0.133617387,1.773871003,14.33333333,10/1/2017
UCTZfshAstC5XukpE3OY62Jg,10,2017,0.436111294,1.044258033,0.124875985,3.180222424,27.83333333,10/1/2017
UC7ZcCX4PLJd6VnNVQ4hn1pA,10,2017,0.420964968,1.230180325,0.256155848,3.079266751,64.33333333,10/1/2017
UC0jDoh3tVXCaqJ6oTve8ebA,10,2017,0.899620226,7.776521525,0.397756946,8.059486823,376.2857143,10/1/2017
UCZOnKo2JsXRX5AGVLa9Jd9w,10,2017,0.818495935,5.620349359,0.23747955,6.090991326,105,10/1/2017
UCM7FTcrsCU2NpQ7ywJ3vemw,10,2017,0.833003483,6.223012187,0.761934593,5.081542555,167.5,10/1/2017
UCxa35ypw3h6pezfr3RPhYKg,11,2017,0.751271306,6.334242607,2.549179625,1.136140604,4,11/1/2017
UCZE88kYvCKUKjM-G0uc8Duw,11,2017,0.937230703,10.18477236,0.818382942,6.140779016,83.2,11/1/2017
UCTZfshAstC5XukpE3OY62Jg,11,2017,0.497937511,1.208630148,0.154645936,2.941786092,30.75,11/1/2017
UC7ZcCX4PLJd6VnNVQ4hn1pA,11,2017,0.46615817,1.246134255,0.352786875,2.493065105,22,11/1/2017
UC0jDoh3tVXCaqJ6oTve8ebA,11,2017,0.898772334,7.72159885,0.377952452,7.561130058,412.6666667,11/1/2017
UCb7KjBkHa1kUqJYIiZLiBuA,11,2017,0.509701347,1.775733946,0.182509365,2.014514183,14.3,11/1/2017
UCM7FTcrsCU2NpQ7ywJ3vemw,11,2017,0.873504264,7.055209641,0.593814697,5.02529064,110.6666667,11/1/2017
UCZOnKo2JsXRX5AGVLa9Jd9w,11,2017,0.786288613,4.33462898,0.180365186,4.435943758,89.4,11/1/2017
UCZE88kYvCKUKjM-G0uc8Duw,12,2017,0.933128013,11.08553757,1.221602371,5.716654264,144,12/1/2017
UCiUr2T6evlGnRWZKf6smOKA,12,2017,0.31372549,3.910776856,1.491375229,0,0.5,12/1/2017
UCxa35ypw3h6pezfr3RPhYKg,12,2017,0.810034312,7.723982807,2.652431301,1.796421265,11.75,12/1/2017
UCM7FTcrsCU2NpQ7ywJ3vemw,12,2017,0.915619899,11.59914687,0.807005316,6.524302423,146.3333333,12/1/2017
UC0jDoh3tVXCaqJ6oTve8ebA,12,2017,0.917771615,8.900642859,0.525251879,6.131903439,429.5,12/1/2017
UCZOnKo2JsXRX5AGVLa9Jd9w,12,2017,0.741855827,3.041941057,0.297451648,4.220047828,139.5,12/1/2017
UCb7KjBkHa1kUqJYIiZLiBuA,12,2017,0.576473719,2.070973612,0.08752805,2.622168315,20,12/1/2017
UCTZfshAstC5XukpE3OY62Jg,12,2017,0.563483514,1.657681266,0.248523578,4.644267873,101.8571429,12/1/2017
UC7ZcCX4PLJd6VnNVQ4hn1pA,12,2017,0.490369053,1.301700146,0.23973279,2.115771266,26.77777778,12/1/2017
UCZE88kYvCKUKjM-G0uc8Duw,1,2018,0.93076855,9.767826569,0.893763671,6.625282291,133,1/1/2018
UCxa35ypw3h6pezfr3RPhYKg,1,2018,0.851314821,10.59548652,2.744522604,0.477896974,6,1/1/2018
UCM7FTcrsCU2NpQ7ywJ3vemw,1,2018,0.882419262,9.629675505,0.729729356,5.958110447,121.2857143,1/1/2018
UCTZfshAstC5XukpE3OY62Jg,1,2018,0.642130661,2.061739705,0.269914506,7.759451815,177.5,1/1/2018
UCJtEP0GoT7Xndn3LZKrgVxA,1,2018,0.519672478,1.442905761,0.154010494,1.593145167,18.16666667,1/1/2018
UC0jDoh3tVXCaqJ6oTve8ebA,1,2018,0.907222186,8.022537167,0.400409243,9.10792402,425,1/1/2018
UCb7KjBkHa1kUqJYIiZLiBuA,1,2018,0.571145541,1.983480503,0.140076173,2.723013189,130.6363636,1/1/2018
UC7ZcCX4PLJd6VnNVQ4hn1pA,1,2018,0.49357899,1.213339191,0.228761323,3.039180858,50.13333333,1/1/2018
UCZOnKo2JsXRX5AGVLa9Jd9w,1,2018,0.859360114,3.482016188,0.315451727,1.853041263,15,1/1/2018
UCZE88kYvCKUKjM-G0uc8Duw,2,2018,0.932737753,10.60216576,1.103106212,7.448689606,119.75,2/1/2018
UCNyaiKq1S8y3lC4Iktsi6fg,2,2018,0.5460392,5.217028331,1.306309097,0.8292619,2,2/1/2018
UCxa35ypw3h6pezfr3RPhYKg,2,2018,0.884528321,10.31025641,2.151880631,0.321228393,4.4,2/1/2018
UCb7KjBkHa1kUqJYIiZLiBuA,2,2018,0.59359132,2.408777579,0.180101987,2.140171387,48.08333333,2/1/2018
UC0jDoh3tVXCaqJ6oTve8ebA,2,2018,0.912631596,8.381760534,0.373322059,5.902731903,358.5,2/1/2018
UCM7FTcrsCU2NpQ7ywJ3vemw,2,2018,0.893808273,8.506091921,0.756724645,5.322390359,146,2/1/2018
UCJtEP0GoT7Xndn3LZKrgVxA,2,2018,0.573283755,2.110982663,0.178668942,1.90133099,34.27777778,2/1/2018
UC7ZcCX4PLJd6VnNVQ4hn1pA,2,2018,0.507284198,1.526982798,0.280459323,2.105211393,79.8,2/1/2018
UCTZfshAstC5XukpE3OY62Jg,2,2018,0.52208496,1.807937892,0.443948224,5.565131245,156,2/1/2018
UCxa35ypw3h6pezfr3RPhYKg,3,2018,0.808770584,9.480251893,3.347743541,0.791013521,8.142857143,3/1/2018
UCOwLNrvzxD9Ak78BYbtetEw,3,2018,0.823661051,5.153641236,1.055805374,2.202605375,14.42857143,3/1/2018
UCZE88kYvCKUKjM-G0uc8Duw,3,2018,0.945223213,10.95749689,1.048756719,5.217913393,104.75,3/1/2018
UCNyaiKq1S8y3lC4Iktsi6fg,3,2018,0.796818095,6.018492027,1.916365767,0.915635984,4,3/1/2018
UCb7KjBkHa1kUqJYIiZLiBuA,3,2018,0.605754696,2.465353962,0.193212343,3.010461774,40.33333333,3/1/2018
UCM7FTcrsCU2NpQ7ywJ3vemw,3,2018,0.906444294,8.828038627,1.295468529,6.957839029,208,3/1/2018
UCZOnKo2JsXRX5AGVLa9Jd9w,3,2018,0.68213537,3.185260062,0.251133369,0.886766245,3,3/1/2018
UC7ZcCX4PLJd6VnNVQ4hn1pA,3,2018,0.529386417,1.900522162,0.179787483,2.99114129,92.4,3/1/2018
UC0jDoh3tVXCaqJ6oTve8ebA,3,2018,0.899756384,8.19003348,0.497359585,10.18405528,530.6666667,3/1/2018
UCTZfshAstC5XukpE3OY62Jg,3,2018,0.657432125,2.433622092,0.24824481,0.994288037,11.33333333,3/1/2018
UCxa35ypw3h6pezfr3RPhYKg,4,2018,0.818148466,10.08597976,3.521013225,1.637425609,18.28571429,4/1/2018
UCOwLNrvzxD9Ak78BYbtetEw,4,2018,0.862543484,6.46092389,0.979520293,0.920685425,8.833333333,4/1/2018
UCZE88kYvCKUKjM-G0uc8Duw,4,2018,0.963060605,15.41600875,1.101128773,5.154994609,60.8,4/1/2018
UCNyaiKq1S8y3lC4Iktsi6fg,4,2018,0.653421634,5.015556271,1.287415513,0.833106508,11,4/1/2018
UCb7KjBkHa1kUqJYIiZLiBuA,4,2018,0.640594155,2.49509229,0.184932219,2.315085572,24.5,4/1/2018
UC0jDoh3tVXCaqJ6oTve8ebA,4,2018,0.912821548,9.392820415,0.506387241,9.130719012,408,4/1/2018
UCTZfshAstC5XukpE3OY62Jg,4,2018,0.54843541,2.873429736,0.221791009,5.887198585,167.3333333,4/1/2018
UCM7FTcrsCU2NpQ7ywJ3vemw,4,2018,0.913862684,8.715329066,0.812875799,5.630046228,135,4/1/2018
UCZOnKo2JsXRX5AGVLa9Jd9w,4,2018,0.688679245,2.666187352,0.119828645,0,1,4/1/2018
UC7ZcCX4PLJd6VnNVQ4hn1pA,4,2018,0.467577921,1.483667552,0.223607243,3.868086711,62.33333333,4/1/2018
UCxa35ypw3h6pezfr3RPhYKg,5,2018,0.842855184,8.308596216,2.500714056,1.286475647,4.714285714,5/1/2018
UCOwLNrvzxD9Ak78BYbtetEw,5,2018,0.85206902,8.936099787,2.038950754,1.536167615,8.5,5/1/2018
UCZE88kYvCKUKjM-G0uc8Duw,5,2018,0.942051604,10.09145482,0.848261987,5.173749079,102.25,5/1/2018
UCiUr2T6evlGnRWZKf6smOKA,5,2018,0.615384615,3.889537145,0.388953715,0,0,5/1/2018
UCNyaiKq1S8y3lC4Iktsi6fg,5,2018,0.705882353,4.155535767,1.7809439,0,0,5/1/2018
UC0jDoh3tVXCaqJ6oTve8ebA,5,2018,0.896160773,7.838861816,0.414764617,11.78875961,460,5/1/2018
UCZOnKo2JsXRX5AGVLa9Jd9w,5,2018,0.638871539,3.318460481,0.168220776,3.470214781,41,5/1/2018
UCb7KjBkHa1kUqJYIiZLiBuA,5,2018,0.634881972,2.401979269,0.139984875,2.340573451,50,5/1/2018
UCTZfshAstC5XukpE3OY62Jg,5,2018,0.592323375,2.218099764,0.244481175,5.878328894,149.8333333,5/1/2018
UCM7FTcrsCU2NpQ7ywJ3vemw,5,2018,0.922885891,12.61226682,1.104580682,8.060875156,194,5/1/2018
UC7ZcCX4PLJd6VnNVQ4hn1pA,5,2018,0.466849054,1.390191889,0.232430781,3.570889191,13.5,5/1/2018
UCZE88kYvCKUKjM-G0uc8Duw,6,2018,0.947303083,13.55499933,1.344636421,6.925063977,123.6,6/1/2018
UCNyaiKq1S8y3lC4Iktsi6fg,6,2018,0.682352941,6.715853197,2.459326523,0,1,6/1/2018
UCOwLNrvzxD9Ak78BYbtetEw,6,2018,0.849390825,6.906431832,1.395184112,1.235091473,8.428571429,6/1/2018
UCxa35ypw3h6pezfr3RPhYKg,6,2018,0.89064105,13.59770535,4.410307754,1.301179849,4.333333333,6/1/2018
UC0jDoh3tVXCaqJ6oTve8ebA,6,2018,0.893719717,8.302584304,0.515868682,8.973611484,568.6666667,6/1/2018
UCb7KjBkHa1kUqJYIiZLiBuA,6,2018,0.666314527,2.969576119,0.218050808,2.866196539,36.2,6/1/2018
UCTZfshAstC5XukpE3OY62Jg,6,2018,0.537984938,1.621861591,0.169371648,4.735865687,71.55555556,6/1/2018
UCM7FTcrsCU2NpQ7ywJ3vemw,6,2018,0.92709408,14.93828961,1.857098395,7.212035605,245.4,6/1/2018
UC7ZcCX4PLJd6VnNVQ4hn1pA,6,2018,0.491005741,1.763893252,0.286301983,1.792066975,16.4,6/1/2018
UCZE88kYvCKUKjM-G0uc8Duw,7,2018,0.95411115,12.14395776,1.014494178,5.869595851,110,7/1/2018
UCNyaiKq1S8y3lC4Iktsi6fg,7,2018,0.570866142,4.712959454,1.942023494,0.541387051,4,7/1/2018
UCOwLNrvzxD9Ak78BYbtetEw,7,2018,0.856397815,7.239926713,1.539805533,1.543814642,14,7/1/2018
UCxa35ypw3h6pezfr3RPhYKg,7,2018,0.87680956,12.94417925,3.346600747,1.02559992,4,7/1/2018
UCM7FTcrsCU2NpQ7ywJ3vemw,7,2018,0.911737597,10.87319783,1.278218243,7.74557832,226.8333333,7/1/2018
UC7ZcCX4PLJd6VnNVQ4hn1pA,7,2018,0.553763665,1.555918402,0.218707768,1.832153174,17,7/1/2018
UCb7KjBkHa1kUqJYIiZLiBuA,7,2018,0.546419753,1.677353478,0.123752365,4.003386272,86,7/1/2018
UCTZfshAstC5XukpE3OY62Jg,7,2018,0.468186797,1.320461853,0.17071784,4.421114026,38.8,7/1/2018
UC0jDoh3tVXCaqJ6oTve8ebA,7,2018,0.918688375,9.863588477,0.87048093,9.215662528,477.7142857,7/1/2018
UCxa35ypw3h6pezfr3RPhYKg,8,2018,0.840933476,9.871715027,3.454797337,0,0.5,8/1/2018
UClUMlQD_8cCbof7HxZaXaoQ,8,2018,0.503020134,13.58771388,10.83913802,0,0.666666667,8/1/2018
UCZE88kYvCKUKjM-G0uc8Duw,8,2018,0.932516461,10.72828095,0.972424545,6.094620928,93.25,8/1/2018
UCzLVNkU53hlIwUA1jspiOug,8,2018,0.8,21.09300096,0.958772771,0,0,8/1/2018
UCOwLNrvzxD9Ak78BYbtetEw,8,2018,0.768866814,5.227827957,1.292599121,2.134217482,19.63636364,8/1/2018
UC0jDoh3tVXCaqJ6oTve8ebA,8,2018,0.915806655,10.00619225,0.90200243,10.32249516,402.8333333,8/1/2018
UCM7FTcrsCU2NpQ7ywJ3vemw,8,2018,0.917331756,13.10416952,1.572648898,8.664351581,261.3333333,8/1/2018
UCZOnKo2JsXRX5AGVLa9Jd9w,8,2018,0.765520815,4.071345245,0.524477975,2.177131517,16.5,8/1/2018
UCTZfshAstC5XukpE3OY62Jg,8,2018,0.540792057,1.52772494,0.16737337,3.911499878,73.25,8/1/2018
UC7ZcCX4PLJd6VnNVQ4hn1pA,8,2018,0.502764345,2.259158041,0.322914023,2.281662698,31.71428571,8/1/2018
UCZE88kYvCKUKjM-G0uc8Duw,9,2018,0.951172568,10.54206307,1.014228551,5.899160874,107.25,9/1/2018
UCOwLNrvzxD9Ak78BYbtetEw,9,2018,0.722658157,4.936406027,1.458493058,2.879662965,39.35714286,9/1/2018
UCZ92wDKMdQaWKzfqoYhJxjQ,9,2018,0.5,15.03759398,3.759398496,0,0,9/1/2018
UCzLVNkU53hlIwUA1jspiOug,9,2018,0.795669633,17.51362801,8.658028406,2.076931784,19.4,9/1/2018
UCxa35ypw3h6pezfr3RPhYKg,9,2018,0.912154378,15.13308643,5.718039436,0,2,9/1/2018
UCNyaiKq1S8y3lC4Iktsi6fg,9,2018,0.756938621,6.178344042,1.447239555,1.358734851,6,9/1/2018
UCiUr2T6evlGnRWZKf6smOKA,9,2018,0.724659891,6.675766118,3.656374752,1.824142715,29.13793103,9/1/2018
UCM7FTcrsCU2NpQ7ywJ3vemw,9,2018,0.887802041,10.94468,1.419617199,6.130119632,126.5,9/1/2018
UCZOnKo2JsXRX5AGVLa9Jd9w,9,2018,0.770579341,4.559064798,0.385889761,1.0552766,11.2,9/1/2018
UCJtEP0GoT7Xndn3LZKrgVxA,9,2018,0.529759091,1.822532164,0.228900663,2.5168519,39.75,9/1/2018
UCTZfshAstC5XukpE3OY62Jg,9,2018,0.560405023,1.529615487,0.190688792,4.119400974,40.2,9/1/2018
UC0jDoh3tVXCaqJ6oTve8ebA,9,2018,0.931828037,11.46336535,0.818905113,11.01540452,322,9/1/2018
UC7ZcCX4PLJd6VnNVQ4hn1pA,9,2018,0.477682766,1.805745818,0.227631872,2.427608144,27.83333333,9/1/2018
UCNyaiKq1S8y3lC4Iktsi6fg,10,2018,0.702083333,5.363432028,2.299340392,0.876934751,17.5,10/1/2018
UCzLVNkU53hlIwUA1jspiOug,10,2018,0.758925116,9.912601407,7.894208627,0.991533997,20.15789474,10/1/2018
UCxa35ypw3h6pezfr3RPhYKg,10,2018,0.767665953,6.555475212,2.018291762,1.035600936,9,10/1/2018
UCZ92wDKMdQaWKzfqoYhJxjQ,10,2018,0.797619048,5.40696417,0.504649989,0,0,10/1/2018
UCOwLNrvzxD9Ak78BYbtetEw,10,2018,0.814813538,6.520705352,1.673110609,2.567381384,18.31818182,10/1/2018
UCiUr2T6evlGnRWZKf6smOKA,10,2018,0.695721179,7.564454225,4.370327052,1.122726474,12.58536585,10/1/2018
UCZE88kYvCKUKjM-G0uc8Duw,10,2018,0.956183748,11.47762927,1.017496448,5.557253246,95.8,10/1/2018
UC7ZcCX4PLJd6VnNVQ4hn1pA,10,2018,0.65085665,5.227820894,1.69251669,2.77426353,75,10/1/2018
UC0jDoh3tVXCaqJ6oTve8ebA,10,2018,0.935251091,12.76563966,0.958960488,6.517084836,373.8,10/1/2018
UCZOnKo2JsXRX5AGVLa9Jd9w,10,2018,0.783467711,3.652075275,0.31131594,3.194333449,22.8,10/1/2018
UCb7KjBkHa1kUqJYIiZLiBuA,10,2018,0.684583911,5.020992131,0.559823503,1.681709675,10,10/1/2018
UCJtEP0GoT7Xndn3LZKrgVxA,10,2018,0.594726965,2.353256066,0.172778052,2.860554904,52,10/1/2018
UCM7FTcrsCU2NpQ7ywJ3vemw,10,2018,0.868505943,6.983764975,0.474990544,7.518794408,185.6,10/1/2018
UCTZfshAstC5XukpE3OY62Jg,10,2018,0.517106122,1.857324127,0.263642059,2.837890906,37,10/1/2018
UCzLVNkU53hlIwUA1jspiOug,11,2018,0.770366055,15.84629221,9.591269373,0.899353237,7.848484848,11/1/2018
UCOwLNrvzxD9Ak78BYbtetEw,11,2018,0.89147626,8.393430858,1.934740629,2.602289703,21.05555556,11/1/2018
UCiUr2T6evlGnRWZKf6smOKA,11,2018,0.638781796,6.215791188,2.87304096,1.171150009,14.35483871,11/1/2018
UCNyaiKq1S8y3lC4Iktsi6fg,11,2018,0.817838657,7.380441271,4.453802122,1.111392511,6,11/1/2018
UCZE88kYvCKUKjM-G0uc8Duw,11,2018,0.961053128,14.21605678,0.914633893,4.983364022,105.75,11/1/2018
UCd8MtZtV9ucMnRikofxsgpQ,11,2018,0.776439833,11.2064689,6.338249278,0.646653461,3.25,11/1/2018
UCxa35ypw3h6pezfr3RPhYKg,11,2018,0.894308943,17.46987952,8.13253012,0,0,11/1/2018
UCJtEP0GoT7Xndn3LZKrgVxA,11,2018,0.61404256,2.672403359,0.285802221,4.109165098,115.2647059,11/1/2018
UCTZfshAstC5XukpE3OY62Jg,11,2018,0.584604789,1.698355679,0.212683812,3.375900729,42.85714286,11/1/2018
UCM7FTcrsCU2NpQ7ywJ3vemw,11,2018,0.868348724,6.206652877,0.466915701,6.570408327,191.3333333,11/1/2018
UC7ZcCX4PLJd6VnNVQ4hn1pA,11,2018,0.554797483,2.124722133,0.567118716,2.325220024,36.22222222,11/1/2018
UCZOnKo2JsXRX5AGVLa9Jd9w,11,2018,0.77717501,3.815965835,0.289400649,4.129184153,86.875,11/1/2018
UC0jDoh3tVXCaqJ6oTve8ebA,11,2018,0.931482665,16.13517296,0.85240376,6.371367378,262,11/1/2018
UCb7KjBkHa1kUqJYIiZLiBuA,11,2018,0.554603928,3.368035635,0.280391151,1.118658451,9,11/1/2018
UCNyaiKq1S8y3lC4Iktsi6fg,12,2018,0.677045103,6.61511861,5.833461249,0.595672758,2.142857143,12/1/2018
UCd8MtZtV9ucMnRikofxsgpQ,12,2018,0.6739914,4.024355819,2.04428106,0.564796776,3.352941176,12/1/2018
UCxa35ypw3h6pezfr3RPhYKg,12,2018,0.933189655,19.64309203,4.998465383,0,1,12/1/2018
UCZE88kYvCKUKjM-G0uc8Duw,12,2018,0.953444717,13.97506899,0.803908511,5.656285872,85.66666667,12/1/2018
UCzLVNkU53hlIwUA1jspiOug,12,2018,0.790216528,17.04478296,13.48237923,0.468349536,4.894736842,12/1/2018
UCiUr2T6evlGnRWZKf6smOKA,12,2018,0.717689916,5.840525684,1.768089962,0.663378493,9.621621622,12/1/2018
UCOwLNrvzxD9Ak78BYbtetEw,12,2018,0.853406339,6.939891986,1.577400804,2.459227006,17.42105263,12/1/2018
UCb7KjBkHa1kUqJYIiZLiBuA,12,2018,0.629023068,1.903501451,0.196623222,3.446229149,49.45454545,12/1/2018
UC7ZcCX4PLJd6VnNVQ4hn1pA,12,2018,0.528607983,1.86796331,0.330002928,1.716483666,24.17647059,12/1/2018
UCZOnKo2JsXRX5AGVLa9Jd9w,12,2018,0.702769829,2.38807092,0.166634259,1.362243036,8.8,12/1/2018
UCTZfshAstC5XukpE3OY62Jg,12,2018,0.693079038,2.62586429,0.242109698,6.65052438,117.5,12/1/2018
UCJtEP0GoT7Xndn3LZKrgVxA,12,2018,0.517726609,1.989050612,0.200383865,2.122138329,28.48888889,12/1/2018
UC0jDoh3tVXCaqJ6oTve8ebA,12,2018,0.910819981,10.81485128,0.538484351,10.68133314,424.1666667,12/1/2018
UCM7FTcrsCU2NpQ7ywJ3vemw,12,2018,0.8088649,5.497684618,0.310271839,5.30465649,130.5,12/1/2018
UCZ92wDKMdQaWKzfqoYhJxjQ,1,2019,0.685714286,10.40829232,1.496977116,0,0,1/1/2019
UCDYKovkzJe3oM9MrbIIpeJw,1,2019,0.881883548,20.85701371,8.401583263,0,4.5,1/1/2019
UCiUr2T6evlGnRWZKf6smOKA,1,2019,0.746481781,8.908895533,2.637879879,0.396375834,2.916666667,1/1/2019
UCNyaiKq1S8y3lC4Iktsi6fg,1,2019,0.822005705,24.28458485,29.09030453,0,1.181818182,1/1/2019
UCOwLNrvzxD9Ak78BYbtetEw,1,2019,0.802013283,6.148802636,1.153088415,3.810673424,49.14285714,1/1/2019
UCd8MtZtV9ucMnRikofxsgpQ,1,2019,0.667840479,6.092402185,2.081004009,0.244189062,2.80952381,1/1/2019
UCzLVNkU53hlIwUA1jspiOug,1,2019,0.737700293,12.60822131,10.41734725,0.76881173,19.42857143,1/1/2019
UCZE88kYvCKUKjM-G0uc8Duw,1,2019,0.960156178,18.12558391,1.578197381,6.352534076,128.375,1/1/2019
UCxa35ypw3h6pezfr3RPhYKg,1,2019,0.906207253,19.11974396,5.66193748,0,2.333333333,1/1/2019
UC7ZcCX4PLJd6VnNVQ4hn1pA,1,2019,0.549447449,1.807080219,0.242701609,4.931086247,101.5,1/1/2019
UCTZfshAstC5XukpE3OY62Jg,1,2019,0.640288721,2.139310653,0.267114416,7.98057992,203,1/1/2019
UCZOnKo2JsXRX5AGVLa9Jd9w,1,2019,0.784110535,4.890137644,0.309382498,3.929644819,47,1/1/2019
UCJtEP0GoT7Xndn3LZKrgVxA,1,2019,0.530417846,2.019513937,0.199895755,1.916492507,26.68,1/1/2019
UCb7KjBkHa1kUqJYIiZLiBuA,1,2019,0.582095824,1.791498693,0.159327665,2.163751776,13.5,1/1/2019
UCM7FTcrsCU2NpQ7ywJ3vemw,1,2019,0.82632804,12.00182259,0.798958354,7.642758601,190.5,1/1/2019
UC0jDoh3tVXCaqJ6oTve8ebA,1,2019,0.917877532,10.30927302,0.435502278,9.996180732,465,1/1/2019
UCNyaiKq1S8y3lC4Iktsi6fg,2,2019,0.672619048,6.250577248,7.034276308,0,1,2/1/2019
UCOwLNrvzxD9Ak78BYbtetEw,2,2019,0.842835871,6.687196715,1.225499237,2.865507816,23.66666667,2/1/2019
UCZ92wDKMdQaWKzfqoYhJxjQ,2,2019,0.54232486,2.415025637,1.420485377,0.718234592,13.42857143,2/1/2019
UCzLVNkU53hlIwUA1jspiOug,2,2019,0.753431373,9.236190795,7.044555722,0.451102486,3.8,2/1/2019
UCZE88kYvCKUKjM-G0uc8Duw,2,2019,0.961844104,13.6803221,1.033907016,5.540551388,115.6666667,2/1/2019
UCd8MtZtV9ucMnRikofxsgpQ,2,2019,0.699254141,5.455746573,1.597804954,0.343984748,6.285714286,2/1/2019
UCiUr2T6evlGnRWZKf6smOKA,2,2019,0.685639656,7.182706031,1.415796675,0.451294515,3.705882353,2/1/2019
UCDYKovkzJe3oM9MrbIIpeJw,2,2019,0.802443431,5.454172199,1.32962836,1.470013076,14.44444444,2/1/2019
UCb7KjBkHa1kUqJYIiZLiBuA,2,2019,0.455542022,1.904500619,0.095703549,0,2,2/1/2019
UCM7FTcrsCU2NpQ7ywJ3vemw,2,2019,0.87936737,9.034483698,0.636895772,6.514532863,189.5,2/1/2019
UCJtEP0GoT7Xndn3LZKrgVxA,2,2019,0.405325308,1.581905862,0.156855425,1.700611063,27.61290323,2/1/2019
UC7ZcCX4PLJd6VnNVQ4hn1pA,2,2019,0.574060132,1.83756567,0.339837774,3.090802952,44.7,2/1/2019
UC0jDoh3tVXCaqJ6oTve8ebA,2,2019,0.927055957,15.69296856,0.753286332,12.99063324,495,2/1/2019
UCTZfshAstC5XukpE3OY62Jg,2,2019,0.553528159,1.398721165,0.121429229,4.02076686,108.5714286,2/1/2019
UCxa35ypw3h6pezfr3RPhYKg,3,2019,0.703891709,4.356147537,1.290389628,1.924500897,3,3/1/2019
UCZE88kYvCKUKjM-G0uc8Duw,3,2019,0.958992338,13.39960195,0.961826528,4.632189082,68.6,3/1/2019
UCiUr2T6evlGnRWZKf6smOKA,3,2019,0.6540066,6.063232501,2.030448623,0.800706542,13.76470588,3/1/2019
UCd8MtZtV9ucMnRikofxsgpQ,3,2019,0.784519023,6.657802743,1.881700902,0.347599613,2.117647059,3/1/2019
UCzLVNkU53hlIwUA1jspiOug,3,2019,0.79830644,6.543671407,2.30859572,0.424033693,11.2,3/1/2019
UCDYKovkzJe3oM9MrbIIpeJw,3,2019,0.760679295,4.178557341,1.19945241,1.4155319,15.66666667,3/1/2019
UCNyaiKq1S8y3lC4Iktsi6fg,3,2019,0.79229798,9.577058372,5.278890217,0,1,3/1/2019
UCOwLNrvzxD9Ak78BYbtetEw,3,2019,0.844188666,6.929022964,1.376422477,2.574032494,19.1,3/1/2019
UCZ92wDKMdQaWKzfqoYhJxjQ,3,2019,0.637657404,2.668905786,1.429797234,0.949061316,21.27272727,3/1/2019
UC7ZcCX4PLJd6VnNVQ4hn1pA,3,2019,0.563091811,2.361545942,0.346059558,2.849573304,62.5,3/1/2019
UC0jDoh3tVXCaqJ6oTve8ebA,3,2019,0.928409106,12.2316601,0.514082429,7.6602439,413.3333333,3/1/2019
UCb7KjBkHa1kUqJYIiZLiBuA,3,2019,0.494343425,1.600255463,0.153319256,2.62752558,26.6,3/1/2019
UCJtEP0GoT7Xndn3LZKrgVxA,3,2019,0.506970045,2.337930754,0.25860609,0.96545555,9.661016949,3/1/2019
UCTZfshAstC5XukpE3OY62Jg,3,2019,0.600418987,1.92772432,0.182881436,3.466844101,53.625,3/1/2019
UCZOnKo2JsXRX5AGVLa9Jd9w,3,2019,0.473333333,1.533314748,0.097574575,1.732050808,3,3/1/2019
UCM7FTcrsCU2NpQ7ywJ3vemw,3,2019,0.870380222,7.600109557,0.475661706,5.997427107,149.5,3/1/2019
UCZ92wDKMdQaWKzfqoYhJxjQ,4,2019,0.736286986,4.299994737,1.180616902,2.787975676,77.75,4/1/2019
UCd8MtZtV9ucMnRikofxsgpQ,4,2019,0.723160644,5.005864901,0.827500693,0.525414687,2.8,4/1/2019
UCiUr2T6evlGnRWZKf6smOKA,4,2019,0.629386499,7.157536877,1.784588644,0.125887163,1.5,4/1/2019
UCOwLNrvzxD9Ak78BYbtetEw,4,2019,0.847276903,6.922781836,1.479559044,2.824837757,32.44444444,4/1/2019
UCZE88kYvCKUKjM-G0uc8Duw,4,2019,0.962629991,14.87350851,1.090791469,5.594411818,142,4/1/2019
UCDYKovkzJe3oM9MrbIIpeJw,4,2019,0.829699684,4.99269753,1.098367573,2.016353787,24.75,4/1/2019
UCxa35ypw3h6pezfr3RPhYKg,4,2019,0.869350124,14.75735991,4.725194634,0.896773771,26.66666667,4/1/2019
UCNyaiKq1S8y3lC4Iktsi6fg,4,2019,0.827434762,12.07474385,5.240404384,0,2,4/1/2019
UCzLVNkU53hlIwUA1jspiOug,4,2019,0.682228535,16.22828995,3.332531862,0,0.125,4/1/2019
UCTZfshAstC5XukpE3OY62Jg,4,2019,0.440473698,1.2867908,0.163349288,3.748677591,54.4,4/1/2019
UCM7FTcrsCU2NpQ7ywJ3vemw,4,2019,0.70303539,4.983082733,0.22021509,4.689985079,141,4/1/2019
UC0jDoh3tVXCaqJ6oTve8ebA,4,2019,0.928427296,12.80511954,0.572784658,9.221031149,505.5,4/1/2019
UC7ZcCX4PLJd6VnNVQ4hn1pA,4,2019,0.57588558,2.357158872,0.343152552,2.35979652,37.6,4/1/2019
UCb7KjBkHa1kUqJYIiZLiBuA,4,2019,0.346061392,1.396092155,0.129708751,1.356620145,7.142857143,4/1/2019
UCZOnKo2JsXRX5AGVLa9Jd9w,4,2019,0.871184066,7.59006657,0.26715865,4.132928228,107,4/1/2019
UCJtEP0GoT7Xndn3LZKrgVxA,4,2019,0.622207731,2.949038749,0.282262443,0.699487793,15.09090909,4/1/2019
UCxa35ypw3h6pezfr3RPhYKg,5,2019,0.885203174,11.48792565,2.145291489,1.130036689,7.857142857,5/1/2019
UCiUr2T6evlGnRWZKf6smOKA,5,2019,0.635592323,4.893914665,1.573976518,0.300886933,2.48,5/1/2019
UCOwLNrvzxD9Ak78BYbtetEw,5,2019,0.859521584,8.8348503,2.212344896,4.441674979,48.34782609,5/1/2019
UCNyaiKq1S8y3lC4Iktsi6fg,5,2019,0.837492547,11.94672514,6.546624531,1.53520005,8.9,5/1/2019
UCDYKovkzJe3oM9MrbIIpeJw,5,2019,0.767054382,3.640680931,0.905883631,2.3838516,27.73684211,5/1/2019
UCd8MtZtV9ucMnRikofxsgpQ,5,2019,0.764647028,5.610342286,1.503352922,0.364161504,2.48,5/1/2019
UCZ92wDKMdQaWKzfqoYhJxjQ,5,2019,0.701809764,6.557776198,2.148962336,0.564661545,4,5/1/2019
UCZE88kYvCKUKjM-G0uc8Duw,5,2019,0.975555043,29.58587548,2.674269086,8.308276599,195,5/1/2019
UCzLVNkU53hlIwUA1jspiOug,5,2019,0.688636364,8.553507419,1.51212435,0,0,5/1/2019
UC7ZcCX4PLJd6VnNVQ4hn1pA,5,2019,0.700692978,4.625461204,0.837381988,3.993814617,90.55555556,5/1/2019
UCZOnKo2JsXRX5AGVLa9Jd9w,5,2019,0.783112768,5.468505048,0.276650103,2.635636628,34.33333333,5/1/2019
UCM7FTcrsCU2NpQ7ywJ3vemw,5,2019,0.837806301,9.935933839,0.841315312,4.754495974,69,5/1/2019
UC0jDoh3tVXCaqJ6oTve8ebA,5,2019,0.931493772,15.09185229,0.542468674,16.60232412,488.2,5/1/2019
UCb7KjBkHa1kUqJYIiZLiBuA,5,2019,0.49348708,2.274542155,0.130724559,1.718232225,23.375,5/1/2019
UCTZfshAstC5XukpE3OY62Jg,5,2019,0.457235391,1.517914837,0.175182896,3.674387048,40,5/1/2019
UCOwLNrvzxD9Ak78BYbtetEw,6,2019,0.854691837,8.110642254,1.502590451,3.860764638,46.92,6/1/2019
UCd8MtZtV9ucMnRikofxsgpQ,6,2019,0.753839084,4.85927112,1.104172946,0.194751357,1.458333333,6/1/2019
UCiUr2T6evlGnRWZKf6smOKA,6,2019,0.653553113,7.669023187,2.725121488,0.205322197,1,6/1/2019
UCxa35ypw3h6pezfr3RPhYKg,6,2019,0.904701655,21.60475774,5.662479902,1.87800046,10.5,6/1/2019
UCZE88kYvCKUKjM-G0uc8Duw,6,2019,0.928334182,9.958705343,1.143706248,11.06821331,365,6/1/2019
UCNyaiKq1S8y3lC4Iktsi6fg,6,2019,0.8643816,10.47950431,2.420307035,1.906529937,22.92857143,6/1/2019
UCDYKovkzJe3oM9MrbIIpeJw,6,2019,0.838983385,5.117410217,1.231841351,2.321037201,17.72727273,6/1/2019
UC7ZcCX4PLJd6VnNVQ4hn1pA,6,2019,0.594061411,2.81005713,0.503774916,0.886944817,6,6/1/2019
UCb7KjBkHa1kUqJYIiZLiBuA,6,2019,0.355077658,3.833627627,0.447089963,0,0,6/1/2019
UCTZfshAstC5XukpE3OY62Jg,6,2019,0.300925926,1.3487267,0.291934436,2.674606434,21,6/1/2019
UCZOnKo2JsXRX5AGVLa9Jd9w,6,2019,0.747518159,4.598609754,0.365388307,3.2148912,19.25,6/1/2019
UCM7FTcrsCU2NpQ7ywJ3vemw,6,2019,0.815902795,11.17359469,1.172336879,3.144289875,36.07142857,6/1/2019
UC0jDoh3tVXCaqJ6oTve8ebA,6,2019,0.940067209,16.30750087,0.657488626,11.61561411,494.1666667,6/1/2019
UCzLVNkU53hlIwUA1jspiOug,7,2019,0.488400488,13.89649152,4.07138246,0,0,7/1/2019
UCxa35ypw3h6pezfr3RPhYKg,7,2019,0.923617984,22.17429284,4.903158153,1.148223543,5.8,7/1/2019
UCDYKovkzJe3oM9MrbIIpeJw,7,2019,0.810449591,4.790611601,1.089078314,2.334901643,20.28571429,7/1/2019
UCd8MtZtV9ucMnRikofxsgpQ,7,2019,0.80375504,6.428919651,0.858019707,0.229717783,1.636363636,7/1/2019
UCZE88kYvCKUKjM-G0uc8Duw,7,2019,0.963496047,18.918662,1.448778797,7.304831575,204.3333333,7/1/2019
UCiUr2T6evlGnRWZKf6smOKA,7,2019,0.658267105,8.025711115,2.661033327,0.144905842,3.24,7/1/2019
UCNyaiKq1S8y3lC4Iktsi6fg,7,2019,0.857320147,10.93623089,3.965697855,3.09654634,38.83333333,7/1/2019
UCOwLNrvzxD9Ak78BYbtetEw,7,2019,0.871696325,9.113404253,1.885531387,4.288111297,57.67741935,7/1/2019
UCTZfshAstC5XukpE3OY62Jg,7,2019,0.580680968,2.322437672,0.245553219,3.045503573,56.375,7/1/2019
UCZOnKo2JsXRX5AGVLa9Jd9w,7,2019,0.856642512,5.004566326,0.297681425,0.857196164,2.5,7/1/2019
UC7ZcCX4PLJd6VnNVQ4hn1pA,7,2019,0.58072929,3.330801803,0.374200496,1.666606503,15.71428571,7/1/2019
UCb7KjBkHa1kUqJYIiZLiBuA,7,2019,0.625178494,4.467687782,0.60938857,0.433012702,1.5,7/1/2019
UC0jDoh3tVXCaqJ6oTve8ebA,7,2019,0.931589812,16.21834397,0.743340509,9.212630751,467.7142857,7/1/2019
UCM7FTcrsCU2NpQ7ywJ3vemw,7,2019,0.798108001,8.171792166,0.89243905,4.451747886,73.3,7/1/2019
UCNyaiKq1S8y3lC4Iktsi6fg,8,2019,0.876980568,12.53183096,3.377769761,2.350214528,25.57142857,8/1/2019
UCOwLNrvzxD9Ak78BYbtetEw,8,2019,0.887154344,10.50238105,2.218509299,5.230438352,79.34482759,8/1/2019
UCDYKovkzJe3oM9MrbIIpeJw,8,2019,0.839823368,4.652439399,1.115061027,1.791564325,22.6,8/1/2019
UCd8MtZtV9ucMnRikofxsgpQ,8,2019,0.771027589,5.612515065,1.013260197,0.436398502,4.04,8/1/2019
UCZE88kYvCKUKjM-G0uc8Duw,8,2019,0.974550013,33.45843946,2.515060709,7.250345474,150.6,8/1/2019
UCiUr2T6evlGnRWZKf6smOKA,8,2019,0.586649246,6.985083033,3.156858907,0.197622861,0.8125,8/1/2019
UC0jDoh3tVXCaqJ6oTve8ebA,8,2019,0.940215063,17.41325428,0.767164825,14.75403745,406.1666667,8/1/2019
UCZOnKo2JsXRX5AGVLa9Jd9w,8,2019,0.748662982,3.571000744,0.169937687,3.237246727,29.33333333,8/1/2019
UCb7KjBkHa1kUqJYIiZLiBuA,8,2019,0.732014572,4.113711493,0.173217417,7.314744629,290,8/1/2019
UCL0xYqqFmvasrNqArWDeN1g,8,2019,0.585644186,2.0157055,0.080663039,1.772131244,127,8/1/2019
UC7ZcCX4PLJd6VnNVQ4hn1pA,8,2019,0.633354203,2.971636218,0.324459985,4.367904196,94.75,8/1/2019
UCTZfshAstC5XukpE3OY62Jg,8,2019,0.668150266,3.081876358,0.173926292,3.116613595,42,8/1/2019
UCM7FTcrsCU2NpQ7ywJ3vemw,8,2019,0.80547717,8.042243716,0.700208057,3.365290959,51.16666667,8/1/2019
UCNyaiKq1S8y3lC4Iktsi6fg,9,2019,0.862742964,9.906366264,3.553452244,2.076359364,29.08333333,9/1/2019
UCd8MtZtV9ucMnRikofxsgpQ,9,2019,0.83022351,6.72045756,0.860771962,0.736186793,4.5625,9/1/2019
UCiUr2T6evlGnRWZKf6smOKA,9,2019,0.616185015,6.798858695,2.215611625,0,0,9/1/2019
UCDYKovkzJe3oM9MrbIIpeJw,9,2019,0.776855644,4.009796131,0.711656612,2.245412026,21.68421053,9/1/2019
UCxa35ypw3h6pezfr3RPhYKg,9,2019,0.902913534,25.96279533,8.280055906,0.428660705,3.5,9/1/2019
UCZE88kYvCKUKjM-G0uc8Duw,9,2019,0.968251999,21.02101715,1.561774179,6.744303907,115,9/1/2019
UCOwLNrvzxD9Ak78BYbtetEw,9,2019,0.901481354,12.74148531,2.631970599,4.787731001,67.26666667,9/1/2019
UCZ92wDKMdQaWKzfqoYhJxjQ,9,2019,0.630952381,18.69281046,5.490196078,0,0,9/1/2019
UCb7KjBkHa1kUqJYIiZLiBuA,9,2019,0.708813648,4.35952,0.578576648,0.983254058,9.5,9/1/2019
UCL0xYqqFmvasrNqArWDeN1g,9,2019,0.531928084,2.69125444,0.074071223,1.87538665,39,9/1/2019
UCZOnKo2JsXRX5AGVLa9Jd9w,9,2019,0.684719536,2.007068573,0.023069754,0,4,9/1/2019
UCTZfshAstC5XukpE3OY62Jg,9,2019,0.630427923,2.737907816,0.166065604,4.758471609,125.125,9/1/2019
UCM7FTcrsCU2NpQ7ywJ3vemw,9,2019,0.782604226,6.229648046,0.527999644,4.352313675,76.08695652,9/1/2019
UC0jDoh3tVXCaqJ6oTve8ebA,9,2019,0.938549005,15.95511839,0.778348975,15.90938048,549.5714286,9/1/2019
UC7ZcCX4PLJd6VnNVQ4hn1pA,9,2019,0.563514204,2.626077444,0.32040617,2.878302311,76.14285714,9/1/2019
UCDYKovkzJe3oM9MrbIIpeJw,10,2019,0.850501447,6.177451042,1.577764689,1.693658814,20.8,10/1/2019
UCOwLNrvzxD9Ak78BYbtetEw,10,2019,0.886397465,11.30075316,1.997323585,4.51994014,64.46666667,10/1/2019
UCd8MtZtV9ucMnRikofxsgpQ,10,2019,0.840236083,6.718760313,0.703580043,0.883099047,6.066666667,10/1/2019
UCNyaiKq1S8y3lC4Iktsi6fg,10,2019,0.845075356,10.10033235,1.948353665,3.591763566,68.5,10/1/2019
UCZ92wDKMdQaWKzfqoYhJxjQ,10,2019,0.450112083,7.193240331,2.887865554,0.590268573,3.333333333,10/1/2019
UCiUr2T6evlGnRWZKf6smOKA,10,2019,0.619203072,6.207135117,3.895107165,0,0,10/1/2019
UCZE88kYvCKUKjM-G0uc8Duw,10,2019,0.97991666,33.81053641,2.829486342,6.172564984,121.2,10/1/2019
UCL0xYqqFmvasrNqArWDeN1g,10,2019,0.548795649,2.419987289,0.0790459,1.506155862,52,10/1/2019
UCb7KjBkHa1kUqJYIiZLiBuA,10,2019,0,0.001603857,0.408983524,3.247317324,38,10/1/2019
UCM7FTcrsCU2NpQ7ywJ3vemw,10,2019,0.819815948,7.374567944,0.508429022,3.206993985,47.56,10/1/2019
UC0jDoh3tVXCaqJ6oTve8ebA,10,2019,0.942252167,18.7055096,0.751857716,11.22236412,421.3333333,10/1/2019
UC7ZcCX4PLJd6VnNVQ4hn1pA,10,2019,0.69699091,3.291345861,0.310995539,2.122115783,30,10/1/2019
UCTZfshAstC5XukpE3OY62Jg,10,2019,0.684915667,3.282198662,0.186285298,2.715399355,40.83333333,10/1/2019
UCNyaiKq1S8y3lC4Iktsi6fg,11,2019,0.850360133,10.23296941,2.459911187,4.011261197,79.84615385,11/1/2019
UCiUr2T6evlGnRWZKf6smOKA,11,2019,0.481298036,6.612063526,3.605905764,0.119747175,8.421052632,11/1/2019
UCDYKovkzJe3oM9MrbIIpeJw,11,2019,0.77191419,4.029865405,0.694824926,1.992935974,21.85,11/1/2019
UCd8MtZtV9ucMnRikofxsgpQ,11,2019,0.891619765,8.924587388,1.008008649,0.605985178,3.741935484,11/1/2019
UCZE88kYvCKUKjM-G0uc8Duw,11,2019,0.965099389,18.66477598,1.342730813,7.84064324,157.5,11/1/2019
UCxa35ypw3h6pezfr3RPhYKg,11,2019,0.953020134,24.32477772,9.897668176,1.257788237,5,11/1/2019
UCOwLNrvzxD9Ak78BYbtetEw,11,2019,0.893423866,11.98732873,2.299986851,3.541560271,53.03846154,11/1/2019
UCTZfshAstC5XukpE3OY62Jg,11,2019,0.586543172,2.379614085,0.16149849,4.936250004,61.14285714,11/1/2019
UC8XkixrRlmF77GG0ogNr5kg,11,2019,0.869650828,8.311561664,0.342875375,2.642493069,41,11/1/2019
UC7ZcCX4PLJd6VnNVQ4hn1pA,11,2019,0.561185489,2.800012558,0.11355515,2.377509582,82.33333333,11/1/2019
UCb7KjBkHa1kUqJYIiZLiBuA,11,2019,0.417888544,1.720051523,0.125383074,2.585304549,107.2857143,11/1/2019
UCL0xYqqFmvasrNqArWDeN1g,11,2019,0.560138127,2.37746639,0.102137733,1.710599443,75,11/1/2019
UC0jDoh3tVXCaqJ6oTve8ebA,11,2019,0.911028105,11.87626426,0.414696353,12.80904742,523.4,11/1/2019
UCM7FTcrsCU2NpQ7ywJ3vemw,11,2019,0.819019434,9.068241657,0.798678946,2.628974989,39.36842105,11/1/2019
UCJtEP0GoT7Xndn3LZKrgVxA,11,2019,0.533448785,3.648085842,0.187782956,1.958697543,64,11/1/2019
UCd8MtZtV9ucMnRikofxsgpQ,12,2019,0.883955045,9.592567563,1.10488586,0.693160093,5.269230769,12/1/2019
UCiUr2T6evlGnRWZKf6smOKA,12,2019,0.442290755,5.930936164,3.024602246,0.879526323,18.69565217,12/1/2019
UCNyaiKq1S8y3lC4Iktsi6fg,12,2019,0.856779917,11.69611751,3.347725016,3.44662991,71.28571429,12/1/2019
UCDYKovkzJe3oM9MrbIIpeJw,12,2019,0.793969508,4.734984141,1.06111064,2.166365074,18.26666667,12/1/2019
UCOwLNrvzxD9Ak78BYbtetEw,12,2019,0.887329237,10.97930661,1.925405482,3.829364017,51.625,12/1/2019
UClUMlQD_8cCbof7HxZaXaoQ,12,2019,0.484375,17.05588254,7.626099614,0,1,12/1/2019
UCzLVNkU53hlIwUA1jspiOug,12,2019,0.611111111,7.352941176,2.100840336,0,0,12/1/2019
UCZOnKo2JsXRX5AGVLa9Jd9w,12,2019,0.856104798,7.337428013,0.426863061,13.02083861,366,12/1/2019
UC0jDoh3tVXCaqJ6oTve8ebA,12,2019,0.930820865,16.3578673,0.78017629,12.01183704,465.6666667,12/1/2019
UCb7KjBkHa1kUqJYIiZLiBuA,12,2019,0.505507197,1.761426879,0.085035019,1.815286508,22.45454545,12/1/2019
UC7ZcCX4PLJd6VnNVQ4hn1pA,12,2019,0.52943438,2.102015284,0.157682076,2.017732631,38.55555556,12/1/2019
UCM7FTcrsCU2NpQ7ywJ3vemw,12,2019,0.770090829,6.939546621,0.444214875,2.892259528,53.26923077,12/1/2019
UC8XkixrRlmF77GG0ogNr5kg,12,2019,0.843224607,5.327445702,0.214196596,2.432847095,46.76,12/1/2019
UCL0xYqqFmvasrNqArWDeN1g,12,2019,0.549570751,2.602524169,0.101864222,1.797777792,16.5,12/1/2019
UCTZfshAstC5XukpE3OY62Jg,12,2019,0.599773875,2.831708227,0.199828917,3.636197978,88.42857143,12/1/2019
UCJtEP0GoT7Xndn3LZKrgVxA,12,2019,0.532070229,3.402907455,0.224697475,1.60937751,27.33870968,12/1/2019
UClUMlQD_8cCbof7HxZaXaoQ,1,2020,0.426828234,4.918988017,3.349614803,0.881702465,13.6,1/1/2020
UCxa35ypw3h6pezfr3RPhYKg,1,2020,0.924510024,22.21671685,5.675459704,0.433012702,3.5,1/1/2020
UCNyaiKq1S8y3lC4Iktsi6fg,1,2020,0.843940832,9.93218888,1.553822739,4.424277311,89.58333333,1/1/2020
UCDYKovkzJe3oM9MrbIIpeJw,1,2020,0.757138372,3.401705279,0.45361228,1.618940994,17.04166667,1/1/2020
UCZE88kYvCKUKjM-G0uc8Duw,1,2020,0.975589906,30.33302154,1.774641923,12.69322442,219,1/1/2020
UCOwLNrvzxD9Ak78BYbtetEw,1,2020,0.87454141,9.940494857,1.738735525,3.776357156,49.69565217,1/1/2020
UCiUr2T6evlGnRWZKf6smOKA,1,2020,0.57475574,8.463325457,2.561387389,0.283275279,1.227272727,1/1/2020
UCd8MtZtV9ucMnRikofxsgpQ,1,2020,0.886668407,11.85214744,1.858524315,1.133568878,6.862068966,1/1/2020
UC7ZcCX4PLJd6VnNVQ4hn1pA,1,2020,0.532462251,1.848066455,0.143011509,2.03181414,72.35714286,1/1/2020
UC8XkixrRlmF77GG0ogNr5kg,1,2020,0.823585406,5.15664703,0.244473174,4.398502309,116.1363636,1/1/2020
UCTZfshAstC5XukpE3OY62Jg,1,2020,0.661118031,2.672179795,0.322222001,6.782251078,199.125,1/1/2020
UCb7KjBkHa1kUqJYIiZLiBuA,1,2020,0.515706764,2.056007642,0.233707067,2.884307984,55.4,1/1/2020
UCJtEP0GoT7Xndn3LZKrgVxA,1,2020,0.547656272,3.07660248,0.272410554,0.609766152,9.338461538,1/1/2020
UCM7FTcrsCU2NpQ7ywJ3vemw,1,2020,0.776856318,7.010466989,0.497632057,2.298152492,42.12,1/1/2020
UC0jDoh3tVXCaqJ6oTve8ebA,1,2020,0.919142375,14.51503833,0.360122321,8.757649734,250,1/1/2020
UCZOnKo2JsXRX5AGVLa9Jd9w,1,2020,0.808450835,5.563561017,0.494949535,4.092399644,159.4,1/1/2020
UCxa35ypw3h6pezfr3RPhYKg,2,2020,0.874316283,16.56412414,4.825585228,0,1,2/1/2020
UCZE88kYvCKUKjM-G0uc8Duw,2,2020,0.948788815,10.21716635,1.020796078,11.61618817,163,2/1/2020
UCDYKovkzJe3oM9MrbIIpeJw,2,2020,0.787065935,4.457842581,0.732063326,0.898231906,6.0625,2/1/2020
UCNyaiKq1S8y3lC4Iktsi6fg,2,2020,0.867836842,10.71028832,2.695942971,4.410094449,86.88888889,2/1/2020
UCd8MtZtV9ucMnRikofxsgpQ,2,2020,0.910063639,12.33260492,1.78492836,0.969633003,6.64,2/1/2020
UCiUr2T6evlGnRWZKf6smOKA,2,2020,0.662464986,5.713038845,2.210645237,0,0,2/1/2020
UCzLVNkU53hlIwUA1jspiOug,2,2020,0.7,18.3908046,4.597701149,0,0,2/1/2020
UClUMlQD_8cCbof7HxZaXaoQ,2,2020,0.557793117,6.526144255,3.437042331,0.22643059,1.785714286,2/1/2020
UCOwLNrvzxD9Ak78BYbtetEw,2,2020,0.868997638,10.12236523,1.831792097,3.50425418,45.57692308,2/1/2020
UCTZfshAstC5XukpE3OY62Jg,2,2020,0.571638633,1.916334353,0.08308267,2.668121487,72,2/1/2020
UC8XkixrRlmF77GG0ogNr5kg,2,2020,0.857064487,5.987286881,0.325342005,2.922982387,61.92857143,2/1/2020
UCM7FTcrsCU2NpQ7ywJ3vemw,2,2020,0.773670822,6.645342525,0.522601201,2.788900024,34.05555556,2/1/2020
UCJtEP0GoT7Xndn3LZKrgVxA,2,2020,0.571029984,2.873891497,0.271531662,0.547122941,5.418604651,2/1/2020
UCZOnKo2JsXRX5AGVLa9Jd9w,2,2020,0.629543821,5.313780572,0.690324542,0,1.333333333,2/1/2020
UC0jDoh3tVXCaqJ6oTve8ebA,2,2020,0.945701305,22.85531865,1.085461692,11.25364317,478,2/1/2020
UCL0xYqqFmvasrNqArWDeN1g,2,2020,0.837988827,4.962628983,0.302599328,0,1,2/1/2020
UC7ZcCX4PLJd6VnNVQ4hn1pA,2,2020,0.629485485,2.736199491,0.357982937,2.479525541,45.46153846,2/1/2020
UCOwLNrvzxD9Ak78BYbtetEw,3,2020,0.87074276,11.03547104,2.006493648,3.517302673,40.84615385,3/1/2020
UCxa35ypw3h6pezfr3RPhYKg,3,2020,0.928718424,21.07355689,4.195040097,1.64297788,13.25,3/1/2020
UClUMlQD_8cCbof7HxZaXaoQ,3,2020,0.492970191,14.28725171,7.051417003,0,0,3/1/2020
UCzLVNkU53hlIwUA1jspiOug,3,2020,0.498376623,22.52743163,7.362419744,0,0.2,3/1/2020
UCDYKovkzJe3oM9MrbIIpeJw,3,2020,0.769195048,3.511337996,0.618146403,2.489248731,18.57894737,3/1/2020
UCiUr2T6evlGnRWZKf6smOKA,3,2020,0.630654235,10.33812969,2.656553634,0.263663833,2.722222222,3/1/2020
UCd8MtZtV9ucMnRikofxsgpQ,3,2020,0.909975805,12.80733407,2.12062958,1.71363595,14.65517241,3/1/2020
UCZE88kYvCKUKjM-G0uc8Duw,3,2020,0.958950577,16.50899,1.268744883,7.708500949,110.75,3/1/2020
UCNyaiKq1S8y3lC4Iktsi6fg,3,2020,0.864408683,11.03297816,2.180036853,3.786740554,72.18181818,3/1/2020
UC0jDoh3tVXCaqJ6oTve8ebA,3,2020,0.850816634,13.23804002,0.367654189,14.67944959,587,3/1/2020
UCZOnKo2JsXRX5AGVLa9Jd9w,3,2020,0.4,4.03278262,0.910628334,0,4,3/1/2020
UCM7FTcrsCU2NpQ7ywJ3vemw,3,2020,0.764456165,7.974339485,0.628346871,2.440817727,33.57894737,3/1/2020
UC7ZcCX4PLJd6VnNVQ4hn1pA,3,2020,0.582900142,3.023011698,0.399675261,3.811669374,78.14285714,3/1/2020
UCJtEP0GoT7Xndn3LZKrgVxA,3,2020,0.54432582,2.70297431,0.214889464,0.999023489,13.13043478,3/1/2020
UCL0xYqqFmvasrNqArWDeN1g,3,2020,0.73216341,4.754878722,0.123741346,1.140050541,32,3/1/2020
UC8XkixrRlmF77GG0ogNr5kg,3,2020,0.858371695,6.818852422,0.45400619,3.298599036,67.36842105,3/1/2020
UCTZfshAstC5XukpE3OY62Jg,3,2020,0.571332868,1.934750191,0.079405241,1.593304436,11.75,3/1/2020
UCxa35ypw3h6pezfr3RPhYKg,4,2020,0.924193315,20.4714291,4.071620309,1.365354684,5.625,4/1/2020
UCNyaiKq1S8y3lC4Iktsi6fg,4,2020,0.860673858,9.972243209,1.81623174,3.865937412,65.83333333,4/1/2020
UCzLVNkU53hlIwUA1jspiOug,4,2020,0.7,34.7826087,13.04347826,0,0,4/1/2020
UCd8MtZtV9ucMnRikofxsgpQ,4,2020,0.922833526,14.85921166,2.814920053,2.177781989,27.92,4/1/2020
UCZE88kYvCKUKjM-G0uc8Duw,4,2020,0.956123419,16.90281516,1.006730456,8.278490575,134,4/1/2020
UCDYKovkzJe3oM9MrbIIpeJw,4,2020,0.850080244,5.099502958,0.938926669,2.816637941,62.65,4/1/2020
UClUMlQD_8cCbof7HxZaXaoQ,4,2020,0.87370833,10.95794592,3.294695629,0.933068199,12.15151515,4/1/2020
UCiUr2T6evlGnRWZKf6smOKA,4,2020,0.736017915,8.670991808,1.500930719,0,0.1,4/1/2020
UCOwLNrvzxD9Ak78BYbtetEw,4,2020,0.869883929,13.44444878,3.27831894,4.964685354,76.8,4/1/2020
UCL0xYqqFmvasrNqArWDeN1g,4,2020,0.682632399,3.106405636,0.096947768,1.471078202,5.5,4/1/2020
UCM7FTcrsCU2NpQ7ywJ3vemw,4,2020,0.785581652,8.99442331,0.759435817,2.889643463,54.57142857,4/1/2020
UC0jDoh3tVXCaqJ6oTve8ebA,4,2020,0.910342361,12.99885923,0.388549691,7.342844776,167.6428571,4/1/2020
UCb7KjBkHa1kUqJYIiZLiBuA,4,2020,0.574283934,2.42649521,0.160195779,0.451868508,6.666666667,4/1/2020
UC8XkixrRlmF77GG0ogNr5kg,4,2020,0.885740918,7.562303684,0.389183083,2.93583425,53.4,4/1/2020
UCTZfshAstC5XukpE3OY62Jg,4,2020,0.630271358,2.671420296,0.101610014,1.993266354,74.5,4/1/2020
UCJtEP0GoT7Xndn3LZKrgVxA,4,2020,0.489847485,2.943469873,0.19209513,1.023187868,20.93181818,4/1/2020
UC7ZcCX4PLJd6VnNVQ4hn1pA,4,2020,0.556863568,3.325293973,0.559042552,2.672190244,34.9,4/1/2020
UCZOnKo2JsXRX5AGVLa9Jd9w,4,2020,0.651487127,7.092824795,1.281053913,1.53424845,29.33333333,4/1/2020
UCNyaiKq1S8y3lC4Iktsi6fg,5,2020,0.888373827,11.61195872,2.137361399,3.755340095,62.42857143,5/1/2020
UCOwLNrvzxD9Ak78BYbtetEw,5,2020,0.889645935,13.84347572,2.255373034,3.208433581,44.2962963,5/1/2020
UCDYKovkzJe3oM9MrbIIpeJw,5,2020,0.872919942,5.908996217,1.114813258,2.187085915,60.44,5/1/2020
UClUMlQD_8cCbof7HxZaXaoQ,5,2020,0.68303528,21.26988619,8.210558365,0,0.125,5/1/2020
UCd8MtZtV9ucMnRikofxsgpQ,5,2020,0.936728762,17.75359629,3.364685962,1.531343525,18.67857143,5/1/2020
UCZ92wDKMdQaWKzfqoYhJxjQ,5,2020,0.625,130.4347826,43.47826087,0,0,5/1/2020
UCxa35ypw3h6pezfr3RPhYKg,5,2020,0.907685006,18.48537157,4.643996932,0.488816174,3.333333333,5/1/2020
UCiUr2T6evlGnRWZKf6smOKA,5,2020,0.766999854,7.381426279,1.358516046,0,0.166666667,5/1/2020
UCZE88kYvCKUKjM-G0uc8Duw,5,2020,0.9746337,22.49727861,2.047736465,3.585948232,63,5/1/2020
UCM7FTcrsCU2NpQ7ywJ3vemw,5,2020,0.80585116,9.021169321,0.538434477,2.278622644,32.94444444,5/1/2020
UCTZfshAstC5XukpE3OY62Jg,5,2020,0.581887362,2.126445475,0.104978249,1.825921643,15.25,5/1/2020
UCL0xYqqFmvasrNqArWDeN1g,5,2020,0.459770115,2.57195346,0.081649316,0,2,5/1/2020
UCJtEP0GoT7Xndn3LZKrgVxA,5,2020,0.538800428,2.89567435,0.194841587,0.28476715,5.603773585,5/1/2020
UC7ZcCX4PLJd6VnNVQ4hn1pA,5,2020,0.608065987,2.404382178,0.323691529,2.576079092,46.55555556,5/1/2020
UCb7KjBkHa1kUqJYIiZLiBuA,5,2020,0.64730479,2.232105602,0.145369869,1.241017728,4.5,5/1/2020
UC0jDoh3tVXCaqJ6oTve8ebA,5,2020,0.91617002,15.39713857,0.383610003,11.1182813,392.5,5/1/2020
UCZOnKo2JsXRX5AGVLa9Jd9w,5,2020,0.793615257,8.174206855,3.882967143,0,2,5/1/2020
UC8XkixrRlmF77GG0ogNr5kg,5,2020,0.86433616,7.045022099,0.304475368,2.586298626,46.17647059,5/1/2020
UCOwLNrvzxD9Ak78BYbtetEw,6,2020,0.881899334,12.32876246,1.912674717,2.872553628,34.03571429,6/1/2020
UCxa35ypw3h6pezfr3RPhYKg,6,2020,0.943362251,27.27111148,4.228682707,0,0,6/1/2020
UCZE88kYvCKUKjM-G0uc8Duw,6,2020,0.971448944,19.4329697,1.493661423,9.870439365,156,6/1/2020
UCNyaiKq1S8y3lC4Iktsi6fg,6,2020,0.895885378,14.00211853,2.303187868,3.841448765,60.23076923,6/1/2020
UCzLVNkU53hlIwUA1jspiOug,6,2020,0.4,14.01869159,9.345794393,0,0,6/1/2020
UClUMlQD_8cCbof7HxZaXaoQ,6,2020,0.609376153,13.12254746,5.472219733,0.346983251,1.461538462,6/1/2020
UCd8MtZtV9ucMnRikofxsgpQ,6,2020,0.929181105,15.89062374,3.491668802,2.171201596,18.80769231,6/1/2020
UCDYKovkzJe3oM9MrbIIpeJw,6,2020,0.880546874,6.387229277,1.308617796,2.515331679,59.75862069,6/1/2020
UCJtEP0GoT7Xndn3LZKrgVxA,6,2020,0.485309004,3.62227885,0.270871388,0.97393943,16.80851064,6/1/2020
UC0jDoh3tVXCaqJ6oTve8ebA,6,2020,0.915501673,14.08367973,0.397268164,5.220806323,104.7333333,6/1/2020
UCM7FTcrsCU2NpQ7ywJ3vemw,6,2020,0.760258415,7.464077545,0.497818658,2.419765406,26.54166667,6/1/2020
UC7ZcCX4PLJd6VnNVQ4hn1pA,6,2020,0.593560509,3.289041483,0.26495642,4.216765189,81.71428571,6/1/2020
UCTZfshAstC5XukpE3OY62Jg,6,2020,0.619593818,2.328897675,0.10941169,1.819825252,66,6/1/2020
UC8XkixrRlmF77GG0ogNr5kg,6,2020,0.851111914,6.038116361,0.298532066,1.68475333,25.125,6/1/2020
UCd8MtZtV9ucMnRikofxsgpQ,7,2020,0.92818003,18.45309537,4.575601903,2.238214958,24.96153846,7/1/2020
UCDYKovkzJe3oM9MrbIIpeJw,7,2020,0.887121645,7.005788368,1.464425827,2.444899722,56.40740741,7/1/2020
UCNyaiKq1S8y3lC4Iktsi6fg,7,2020,0.887559075,13.50509369,2.634140424,3.848542836,79.33333333,7/1/2020
UClUMlQD_8cCbof7HxZaXaoQ,7,2020,0.2,13.36627769,7.814360562,0,0,7/1/2020
UCZE88kYvCKUKjM-G0uc8Duw,7,2020,0.964028492,16.95704595,1.204425202,7.696216897,124.5,7/1/2020
UCOwLNrvzxD9Ak78BYbtetEw,7,2020,0.870047687,11.87544298,2.068226051,2.842666739,38.66666667,7/1/2020
UCL0xYqqFmvasrNqArWDeN1g,7,2020,0.641176471,3.002097946,0.158520165,2.498500881,30,7/1/2020
UC7ZcCX4PLJd6VnNVQ4hn1pA,7,2020,0.654769446,4.180570335,0.600221118,1.774209873,24.77777778,7/1/2020
UCM7FTcrsCU2NpQ7ywJ3vemw,7,2020,0.717130514,6.516731431,0.43113772,2.311901379,31.16666667,7/1/2020
UCJtEP0GoT7Xndn3LZKrgVxA,7,2020,0.467041069,3.420611321,0.271065512,1.101681238,12,7/1/2020
UC0jDoh3tVXCaqJ6oTve8ebA,7,2020,0.808067719,15.76749954,0.386701282,13.75329016,484,7/1/2020
UCTZfshAstC5XukpE3OY62Jg,7,2020,0.639391618,2.300411218,0.191643167,2.07186297,43.8,7/1/2020
UC8XkixrRlmF77GG0ogNr5kg,7,2020,0.86460823,7.487819032,0.36062529,1.721032812,29.54545455,7/1/2020
UCb7KjBkHa1kUqJYIiZLiBuA,7,2020,0.584695023,2.671133967,0.142834457,0.288800322,2.4,7/1/2020
UCZE88kYvCKUKjM-G0uc8Duw,8,2020,0.979965889,30.42348202,2.413101355,9.110869711,111,8/1/2020
UCiUr2T6evlGnRWZKf6smOKA,8,2020,0.754363758,11.7582153,3.026721311,0,0,8/1/2020
UCd8MtZtV9ucMnRikofxsgpQ,8,2020,0.941155077,21.24750433,4.941435101,2.217352731,19.15384615,8/1/2020
UCDYKovkzJe3oM9MrbIIpeJw,8,2020,0.901703904,7.51495728,1.741497526,3.064709583,48.89285714,8/1/2020
UCOwLNrvzxD9Ak78BYbtetEw,8,2020,0.881991696,12.75128397,2.128494455,2.797940962,40.42857143,8/1/2020
UCNyaiKq1S8y3lC4Iktsi6fg,8,2020,0.904387854,15.60198675,3.46224435,4.003340245,75.41666667,8/1/2020
UClUMlQD_8cCbof7HxZaXaoQ,8,2020,0.77675473,11.96491631,3.028913622,0.591757376,12,8/1/2020
UCb7KjBkHa1kUqJYIiZLiBuA,8,2020,0.661241712,2.313113812,0.448696743,1.154700538,2.333333333,8/1/2020
UCTZfshAstC5XukpE3OY62Jg,8,2020,0.620290189,2.546061292,0.232593911,2.408663817,18,8/1/2020
UCZOnKo2JsXRX5AGVLa9Jd9w,8,2020,0.687788544,2.933662125,0.093493171,0.533230895,4.333333333,8/1/2020
UC7ZcCX4PLJd6VnNVQ4hn1pA,8,2020,0.680712554,3.189172995,0.312896285,1.10862296,16.09090909,8/1/2020
UC8XkixrRlmF77GG0ogNr5kg,8,2020,0.90971569,8.210394419,0.404967863,2.045893053,47.36363636,8/1/2020
UCJtEP0GoT7Xndn3LZKrgVxA,8,2020,0.33020279,1.391862558,0.1019737,0.800655634,11.94736842,8/1/2020
UC0jDoh3tVXCaqJ6oTve8ebA,8,2020,0.932394566,20.84486089,0.621191851,16.63173328,384.4,8/1/2020
UCM7FTcrsCU2NpQ7ywJ3vemw,8,2020,0.780007111,8.534233637,0.62412823,1.99261471,19.2,8/1/2020
UCL0xYqqFmvasrNqArWDeN1g,8,2020,0.641230739,3.484482349,0.115115931,1.432384673,14.5,8/1/2020
UCZE88kYvCKUKjM-G0uc8Duw,9,2020,0.982249477,34.51636313,1.927885174,7.503337536,112.5,9/1/2020
UCOwLNrvzxD9Ak78BYbtetEw,9,2020,0.866118157,12.78007622,2.150477934,3.114644231,48.56521739,9/1/2020
UCxa35ypw3h6pezfr3RPhYKg,9,2020,0.927971815,13.4580169,4.851771139,0.4,1.2,9/1/2020
UCiUr2T6evlGnRWZKf6smOKA,9,2020,0.674307592,14.04845849,4.414402858,0,0,9/1/2020
UCDYKovkzJe3oM9MrbIIpeJw,9,2020,0.88926509,7.344083564,1.831006645,3.569011015,60.65384615,9/1/2020
UCNyaiKq1S8y3lC4Iktsi6fg,9,2020,0.898820756,15.54164672,3.253481405,3.12632681,46.63636364,9/1/2020
UCd8MtZtV9ucMnRikofxsgpQ,9,2020,0.946208673,22.01894771,4.012107547,1.637134903,10.07692308,9/1/2020
UClUMlQD_8cCbof7HxZaXaoQ,9,2020,0.638131313,10.23449513,3.317902531,0.152145155,1.75,9/1/2020
UCTZfshAstC5XukpE3OY62Jg,9,2020,0.62004372,2.688291975,0.189026854,3.036316113,26.5,9/1/2020
UC0jDoh3tVXCaqJ6oTve8ebA,9,2020,0.940148194,17.25588324,0.43123833,18.02089714,474,9/1/2020
UC8XkixrRlmF77GG0ogNr5kg,9,2020,0.878034069,6.411670614,0.313939383,1.438968339,21.20833333,9/1/2020
UCb7KjBkHa1kUqJYIiZLiBuA,9,2020,0.645980954,3.666064159,0.243823025,0.24743583,0.857142857,9/1/2020
UC7ZcCX4PLJd6VnNVQ4hn1pA,9,2020,0.594400634,2.433548154,0.241571936,2.340924422,15.8,9/1/2020
UCJtEP0GoT7Xndn3LZKrgVxA,9,2020,0.44709307,2.28859637,0.173755671,0.406234895,10,9/1/2020
UCM7FTcrsCU2NpQ7ywJ3vemw,9,2020,0.860558719,13.06185851,1.055181583,2.285945501,16.71428571,9/1/2020
UCL0xYqqFmvasrNqArWDeN1g,9,2020,0.6368472,2.523239478,0.054590243,1.205808952,22,9/1/2020
UCZOnKo2JsXRX5AGVLa9Jd9w,9,2020,0.671052632,2.652519894,0.210517452,0,0,9/1/2020
UCiUr2T6evlGnRWZKf6smOKA,10,2020,0.625,16.04278075,10.69518717,0,0,10/1/2020
UCxa35ypw3h6pezfr3RPhYKg,10,2020,0.907597799,20.18396494,4.239762088,0.788957143,2.5,10/1/2020
UCDYKovkzJe3oM9MrbIIpeJw,10,2020,0.903067191,8.155076727,1.78970825,3.679738194,71,10/1/2020
UCOwLNrvzxD9Ak78BYbtetEw,10,2020,0.889906614,15.14291196,2.272672646,2.431941509,25.45454545,10/1/2020
UCZE88kYvCKUKjM-G0uc8Duw,10,2020,0.973063057,20.2187917,1.109495831,6.204739564,63.5,10/1/2020
UCd8MtZtV9ucMnRikofxsgpQ,10,2020,0.951069085,23.18161664,3.670085296,1.007797033,6.25,10/1/2020
UCNyaiKq1S8y3lC4Iktsi6fg,10,2020,0.931990253,20.49132116,4.800828029,2.525607179,18.14285714,10/1/2020
UC0jDoh3tVXCaqJ6oTve8ebA,10,2020,0.92712685,20.04140143,0.407406971,11.12619935,341.5,10/1/2020
UC8XkixrRlmF77GG0ogNr5kg,10,2020,0.88004341,6.160792251,0.255911813,2.080732819,36.62962963,10/1/2020
UCTZfshAstC5XukpE3OY62Jg,10,2020,0.657608021,2.392717583,0.14859244,2.29881799,14.66666667,10/1/2020
UCM7FTcrsCU2NpQ7ywJ3vemw,10,2020,0.652652973,7.025043642,0.443056375,1.488493425,20.90909091,10/1/2020
UCb7KjBkHa1kUqJYIiZLiBuA,10,2020,0.681284344,2.965039509,0.157952081,0,0.2,10/1/2020
UC7ZcCX4PLJd6VnNVQ4hn1pA,10,2020,0.603197675,3.118483728,0.260073341,1.402191382,18.5,10/1/2020
UCZOnKo2JsXRX5AGVLa9Jd9w,10,2020,0.598195043,10.28734983,1.342925168,0.985072586,2.5,10/1/2020
UCL0xYqqFmvasrNqArWDeN1g,10,2020,0.623044218,5.172513609,0.625211229,0,1.5,10/1/2020
UCJtEP0GoT7Xndn3LZKrgVxA,10,2020,0.524068348,2.913010551,0.165837968,0.105796081,5.842105263,10/1/2020
UCb7KjBkHa1kUqJYIiZLiBuA,11,2020,0.687116942,2.86478006,0.235469734,1.790820988,12.75,11/1/2020
UCZOnKo2JsXRX5AGVLa9Jd9w,11,2020,0.857142857,9.595202399,0.899550225,0,2,11/1/2020
UCL0xYqqFmvasrNqArWDeN1g,11,2020,0.507978723,3.115573464,0.22018187,1.229634092,6,11/1/2020
UC0jDoh3tVXCaqJ6oTve8ebA,11,2020,0.943988169,21.02999138,0.70511745,14.00189627,372.6666667,11/1/2020
UCTZfshAstC5XukpE3OY62Jg,11,2020,0.702488512,2.748122166,0.240994718,2.818761581,21,11/1/2020
UC7ZcCX4PLJd6VnNVQ4hn1pA,11,2020,0.646534416,3.186569486,0.453259571,1.980044433,7.666666667,11/1/2020
UCM7FTcrsCU2NpQ7ywJ3vemw,11,2020,0.6551203,6.024631804,0.385928932,2.201932042,36.9,11/1/2020
UCJtEP0GoT7Xndn3LZKrgVxA,11,2020,0.550689894,3.425296436,0.192223603,0.163196513,3.5625,11/1/2020
UC8XkixrRlmF77GG0ogNr5kg,11,2020,0.862627533,5.421469856,0.396418715,1.52371619,35,11/1/2020